Date,AXISBANK.NS,HDFCBANK.NS,ICICIBANK.NS,KOTAKBANK.NS,SBIN.NS
2019-04-01,762.1217651367188,1100.336181640625,387.2085266113281,1334.64599609375,297.8067932128906
2019-04-02,763.91357421875,1092.2685546875,386.1390075683594,1334.69580078125,303.57379150390625
2019-04-03,758.0403442382812,1091.26904296875,381.2290344238281,1329.46435546875,295.7306823730469
2019-04-04,758.6873779296875,1087.08056640625,377.971923828125,1318.20458984375,296.93017578125
2019-04-05,758.7372436523438,1097.38525390625,379.72198486328125,1331.2081298828125,292.54730224609375
2019-04-08,751.1717529296875,1089.6746826171875,376.3676452636719,1338.4822998046875,288.6257629394531
2019-04-09,759.9317016601562,1088.651123046875,386.1390075683594,1336.6884765625,290.425048828125
2019-04-10,757.393310546875,1064.9005126953125,383.27081298828125,1345.1087646484375,286.87261962890625
2019-04-11,748.8821411132812,1074.4913330078125,379.23583984375,1338.4324951171875,290.5634460449219
2019-04-12,760.8773803710938,1078.18017578125,383.6596984863281,1338.681640625,290.88641357421875
2019-04-15,759.3841552734375,1089.388916015625,381.86102294921875,1368.9737548828125,291.2093811035156
2019-04-16,767.5966796875,1097.1234130859375,395.7159423828125,1381.479248046875,291.3477478027344
2019-04-18,767.6962280273438,1091.697509765625,393.1880187988281,1364.78857421875,286.7803039550781
2019-04-22,752.067626953125,1079.8221435546875,383.5624694824219,1351.8846435546875,286.0882873535156
2019-04-23,749.827880859375,1068.6845703125,385.50701904296875,1350.5394287109375,281.65924072265625
2019-04-24,749.4296875,1085.0814208984375,389.9795227050781,1361.89892578125,286.73419189453125
2019-04-25,737.533935546875,1077.3232421875,384.4375,1355.571533203125,282.5357971191406
2019-04-26,756.4476318359375,1085.6527099609375,395.9103698730469,1374.3544921875,288.34893798828125
2019-04-30,763.3660278320312,1103.025390625,396.2020568847656,1381.628662109375,285.9960021972656
2019-05-02,748.931884765625,1121.278564453125,384.5833740234375,1401.3583984375,284.3350830078125
2019-05-03,753.859375,1127.0616455078125,390.66009521484375,1412.7677001953125,286.0421142578125
2019-05-06,744.05419921875,1108.2608642578125,390.1739501953125,1405.3941650390625,284.88873291015625
2019-05-07,738.4796142578125,1105.357666015625,375.7843017578125,1403.152099609375,281.8437805175781
2019-05-08,732.1585083007812,1098.1705322265625,371.603515625,1397.2230224609375,275.2002258300781
2019-05-09,727.678955078125,1090.388427734375,370.82568359375,1380.5823974609375,276.1690673828125
2019-05-10,731.7105102539062,1093.0538330078125,374.4231262207031,1393.1873779296875,284.2428283691406
2019-05-13,728.7738647460938,1088.62744140625,365.8670959472656,1384.418701171875,283.1817321777344
2019-05-14,728.0272827148438,1088.9605712890625,369.8534240722656,1378.0413818359375,290.3327941894531
2019-05-15,718.6701049804688,1088.389404296875,366.5963134765625,1390.8458251953125,287.9798889160156
2019-05-16,728.5250854492188,1099.788818359375,371.8951721191406,1408.13427734375,291.3477478027344
2019-05-17,745.54736328125,1124.2772216796875,378.89556884765625,1454.81787109375,294.5772705078125
2019-05-20,778.8453979492188,1157.7138671875,396.3965148925781,1497.2169189453125,318.0603942871094
2019-05-21,769.4383544921875,1144.0775146484375,389.0558166503906,1482.618896484375,311.46295166015625
2019-05-22,775.6102294921875,1145.0531005859375,394.1116638183594,1489.942626953125,314.7386169433594
2019-05-23,772.8726196289062,1109.9984130859375,399.4591979980469,1494.4267578125,315.753662109375
2019-05-24,789.5963745117188,1129.6319580078125,419.77972412109375,1506.33447265625,327.8873596191406
2019-05-27,810.2022705078125,1146.2906494140625,423.42578125,1523.9715576171875,333.7466125488281
2019-05-28,804.727294921875,1150.0269775390625,422.2590026855469,1505.636962890625,332.2240905761719
2019-05-29,801.0441284179688,1150.360107421875,411.5639953613281,1508.5267333984375,321.70513916015625
2019-05-30,803.881103515625,1161.1407470703125,414.3836364746094,1529.9005126953125,326.2264404296875
2019-05-31,804.6277465820312,1154.382080078125,411.9529113769531,1516.747314453125,325.2575988769531
2019-06-03,808.9580078125,1169.493896484375,411.1750793457031,1525.81494140625,327.9796142578125
2019-06-04,819.0618286132812,1167.2093505859375,407.48046875,1525.91455078125,325.1653137207031
2019-06-06,804.0304565429688,1153.4300537109375,400.1398010253906,1508.875244140625,310.8631896972656
2019-06-07,800.3472290039062,1164.995849609375,405.0497741699219,1506.43408203125,315.6152038574219
2019-06-10,810.451171875,1161.4500732421875,404.5635986328125,1497.266845703125,317.6913146972656
2019-06-11,811.0982055664062,1165.3529052734375,409.6680908203125,1502.3486328125,320.2749328613281
2019-06-12,809.8538208007812,1155.1912841796875,406.4109191894531,1478.234619140625,317.4145202636719
2019-06-13,816.4239501953125,1163.5919189453125,407.96661376953125,1498.6617431640625,319.7212829589844
2019-06-14,797.5599975585938,1159.0228271484375,406.1678771972656,1468.6187744140625,317.2299499511719
2019-06-17,774.1668090820312,1152.7874755859375,402.7163391113281,1455.166748046875,311.73980712890625
2019-06-18,772.2255859375,1150.5267333984375,410.4458923339844,1456.6612548828125,313.769775390625
2019-06-19,767.1985473632812,1155.8099365234375,408.1610107421875,1492.48388671875,312.6625061035156
2019-06-20,767.8953247070312,1162.0360107421875,421.38397216796875,1512.9608154296875,318.47564697265625
2019-06-21,767.5469360351562,1156.217041015625,418.8560485839844,1484.5120849609375,322.39715576171875
2019-06-24,759.3841552734375,1158.0128173828125,417.54351806640625,1465.3802490234375,325.9034729003906
2019-06-25,778.098876953125,1163.161376953125,421.62701416015625,1478.633056640625,328.9945983886719
2019-06-26,785.0172119140625,1181.9351806640625,426.4884033203125,1485.3092041015625,330.4709167480469
2019-06-27,796.8134155273438,1179.2532958984375,428.72467041015625,1476.34130859375,334.16180419921875
2019-06-28,804.8765869140625,1170.3692626953125,424.9814147949219,1471.8572998046875,333.3313903808594
2019-07-01,806.7680053710938,1190.38818359375,426.8287048339844,1475.942626953125,333.6081848144531
2019-07-02,798.95361328125,1194.9139404296875,424.64111328125,1466.277099609375,336.3302307128906
2019-07-03,802.5372314453125,1192.3516845703125,423.8633117675781,1469.7647705078125,337.8526916503906
2019-07-04,806.1751708984375,1189.550048828125,424.1063537597656,1492.48388671875,339.00604248046875
2019-07-05,803.4342041015625,1184.09033203125,424.252197265625,1511.8148193359375,342.0048828125
2019-07-08,780.31103515625,1154.013916015625,414.0918884277344,1470.063720703125,327.8412170410156
2019-07-09,783.6001586914062,1139.4305419921875,416.6198425292969,1457.6578369140625,331.7166442871094
2019-07-10,766.7061767578125,1144.0283203125,418.95330810546875,1470.6116943359375,326.8262023925781
2019-07-11,763.8656005859375,1152.8404541015625,414.7239074707031,1479.6793212890625,335.1306457519531
2019-07-12,753.3005981445312,1146.4947509765625,415.21002197265625,1479.1810302734375,335.4997253417969
2019-07-15,747.2706909179688,1146.90185546875,410.59173583984375,1503.5572509765625,332.2240905761719
2019-07-16,758.5332641601562,1145.2017822265625,412.8279724121094,1496.9273681640625,336.19183349609375
2019-07-17,750.1112060546875,1148.195068359375,412.9252014160156,1529.977294921875,343.61962890625
2019-07-18,737.9515991210938,1155.115478515625,407.04290771484375,1533.616455078125,335.5458984375
2019-07-19,726.83837890625,1137.7545166015625,398.9244689941406,1494.385009765625,328.48712158203125
2019-07-22,725.0443725585938,1100.20703125,401.06866455078125,1449.9193115234375,323.735107421875
2019-07-23,725.592529296875,1084.0433349609375,401.5072937011719,1489.499755859375,315.753662109375
2019-07-24,709.9444580078125,1092.3765869140625,398.1446838378906,1492.6900634765625,313.35455322265625
2019-07-25,720.7586059570312,1094.843017578125,398.6320495605469,1480.576904296875,314.9231262207031
2019-07-26,727.4364013671875,1090.6524658203125,405.2109375,1507.296142578125,316.12274169921875
2019-07-29,717.8681640625,1074.8480224609375,418.4661865234375,1497.9742431640625,317.2299499511719
2019-07-30,705.260009765625,1078.6552734375,414.5675964355469,1494.1854248046875,302.2358093261719
2019-07-31,671.8707885742188,1078.3680419921875,413.8365783691406,1514.972900390625,306.5264587402344
2019-08-01,667.0866088867188,1066.440185546875,406.4779357910156,1491.29443359375,292.6395568847656
2019-08-02,671.62158203125,1062.8642578125,400.19146728515625,1503.0587158203125,284.6119384765625
2019-08-05,660.2593994140625,1046.0167236328125,392.4429931640625,1455.701904296875,277.045654296875
2019-08-06,676.7545776367188,1050.74462890625,399.850341796875,1480.8258056640625,278.10675048828125
2019-08-07,657.767578125,1048.296630859375,398.0472412109375,1471.8531494140625,267.49554443359375
2019-08-08,657.9170532226562,1071.887939453125,403.8951416015625,1498.223388671875,271.6016540527344
2019-08-09,658.61474609375,1095.3355712890625,409.4993896484375,1527.48486328125,268.83349609375
2019-08-13,647.3023681640625,1065.7442626953125,399.850341796875,1506.8475341796875,261.4517517089844
2019-08-14,661.0068359375,1070.1121826171875,406.7215881347656,1487.306396484375,267.3571472167969
2019-08-16,673.4157104492188,1069.272216796875,408.329833984375,1494.434814453125,268.41827392578125
2019-08-19,682.7347412109375,1059.264404296875,412.6669921875,1491.8426513671875,264.6812438964844
2019-08-20,670.1265869140625,1065.8642578125,406.3317565917969,1500.5662841796875,261.77471923828125
2019-08-21,662.5018920898438,1068.3841552734375,401.604736328125,1501.21435546875,255.96157836914062
2019-08-22,658.963623046875,1043.5447998046875,388.98297119140625,1473.797119140625,247.7955322265625
2019-08-23,661.7045288085938,1038.0728759765625,385.37677001953125,1465.7713623046875,250.14846801757812
2019-08-26,681.4390258789062,1082.927734375,401.2148742675781,1508.2431640625,258.54522705078125
2019-08-27,680.6915283203125,1084.751708984375,407.9886779785156,1497.027099609375,263.62017822265625
2019-08-28,675.957275390625,1078.77587890625,402.4819030761719,1479.1810302734375,262.8819580078125
2019-08-29,658.963623046875,1068.912109375,394.1486511230469,1446.479736328125,253.2856903076172
2019-08-30,661.7045288085938,1069.39208984375,399.26556396484375,1427.1380615234375,252.68594360351562
2019-09-03,643.564697265625,1061.2322998046875,382.2091369628906,1410.0399169921875,247.65713500976562
2019-09-04,645.159423828125,1078.89599609375,387.4235534667969,1422.153076171875,253.83932495117188
2019-09-05,647.4517822265625,1072.8480224609375,379.1390380859375,1405.9024658203125,252.17843627929688
2019-09-06,668.8806762695312,1078.0079345703125,381.4294738769531,1437.207763671875,252.77822875976562
2019-09-09,669.3292236328125,1079.783935546875,385.4255676269531,1466.8681640625,256.5152282714844
2019-09-11,679.4456787109375,1080.599853515625,384.5970764160156,1470.75634765625,263.20489501953125
2019-09-12,660.7078247070312,1089.983642578125,392.49176025390625,1453.1595458984375,264.86578369140625
2019-09-13,672.0203247070312,1083.5517578125,402.9205322265625,1479.779296875,269.15643310546875
2019-09-16,668.6814575195312,1077.1678466796875,401.7021484375,1470.507080078125,262.69744873046875
2019-09-17,638.33203125,1061.42431640625,390.4936828613281,1443.9375,252.77822875976562
2019-09-18,646.2557983398438,1050.0965576171875,389.2266845703125,1460.337890625,258.7297668457031
2019-09-19,636.0895385742188,1056.9844970703125,376.7998352050781,1448.2244873046875,252.87046813964844
2019-09-20,678.1001586914062,1151.59033203125,406.9165954589844,1534.214599609375,278.3836364746094
2019-09-23,723.100830078125,1206.93310546875,434.9864807128906,1635.6580810546875,289.5023193359375
2019-09-24,702.0706176757812,1203.6212158203125,429.7233581542969,1613.2259521484375,279.21405029296875
2019-09-25,692.65185546875,1190.08544921875,423.1932373046875,1596.7755126953125,258.5913391113281
2019-09-26,697.5855102539062,1192.7734375,440.4932861328125,1621.9495849609375,260.06768798828125
2019-09-27,698.2830810546875,1194.4053955078125,437.8130187988281,1638.5494384765625,259.4679260253906
2019-09-30,682.7347412109375,1178.32568359375,422.7059020996094,1639.4964599609375,249.87167358398438
2019-10-01,676.9041748046875,1198.8212890625,413.8365783691406,1643.235107421875,236.1693115234375
2019-10-03,666.189697265625,1174.5819091796875,416.4681396484375,1610.883056640625,234.5084228515625
2019-10-04,654.2293701171875,1142.0865478515625,403.4078063964844,1558.44140625,230.63299560546875
2019-10-07,671.2229614257812,1139.3985595703125,405.5520324707031,1550.9642333984375,229.84869384765625
2019-10-09,684.0304565429688,1178.9976806640625,425.6298522949219,1607.4932861328125,240.78289794921875
2019-10-10,670.724609375,1152.5023193359375,412.95941162109375,1580.0263671875,234.5084228515625
2019-10-11,670.4754028320312,1150.8223876953125,417.6864318847656,1582.96728515625,234.8775177001953
2019-10-14,681.2396850585938,1156.1982421875,417.9788513183594,1580.7242431640625,235.7079620361328
2019-10-15,687.76806640625,1174.101806640625,420.90283203125,1610.7333984375,238.4761199951172
2019-10-16,691.1069946289062,1172.229736328125,424.2653503417969,1600.7138671875,236.26158142089844
2019-10-17,707.9510498046875,1171.173828125,429.4309997558594,1599.716796875,244.9351348876953
2019-10-18,707.2035522460938,1179.813720703125,426.7019348144531,1610.384521484375,248.81053161621094
2019-10-22,710.3930053710938,1189.701416015625,439.71356201171875,1623.943603515625,249.59481811523438
2019-10-23,712.4859619140625,1191.909423828125,443.5634460449219,1608.789306640625,254.1622772216797
2019-10-24,705.3596801757812,1186.6295166015625,443.2223205566406,1608.340576171875,242.21310424804688
2019-10-25,706.2566528320312,1179.813720703125,457.20855712890625,1583.8148193359375,259.7908630371094
2019-10-27,707.751708984375,1188.1654052734375,457.6470947265625,1588.2015380859375,260.02154541015625
2019-10-29,736.0079345703125,1192.7734375,465.2981262207031,1570.80419921875,258.96038818359375
2019-10-30,744.9284057617188,1198.38916015625,459.2065734863281,1574.1439208984375,267.49554443359375
2019-10-31,733.9149169921875,1181.1097412109375,451.3118896484375,1569.75732421875,288.2566833496094
2019-11-01,745.825439453125,1190.4215087890625,450.5321350097656,1575.140869140625,289.3177490234375
2019-11-04,740.1442260742188,1187.349365234375,458.5730285644531,1566.3177490234375,290.0097961425781
2019-11-05,735.6092529296875,1189.8934326171875,456.4775390625,1549.21923828125,294.5311584472656
2019-11-06,744.7788696289062,1206.3570556640625,468.51446533203125,1566.3177490234375,293.0086364746094
2019-11-07,732.3201904296875,1213.125,466.4189758300781,1579.228759765625,293.5622863769531
2019-11-08,723.100830078125,1205.34912109375,477.0426940917969,1595.4296875,291.57843017578125
2019-11-11,731.2737426757812,1214.1328125,484.2063293457031,1612.029541015625,293.654541015625
2019-11-13,708.8480834960938,1207.22119140625,473.43646240234375,1600.9630126953125,283.0894470214844
2019-11-14,713.5325927734375,1222.9166259765625,486.0094299316406,1592.7877197265625,282.3512878417969
2019-11-15,714.5292358398438,1226.756591796875,487.17901611328125,1617.8619384765625,297.0224609375
2019-11-18,720.5592651367188,1211.541015625,485.7170715332031,1622.2984619140625,299.97515869140625
2019-11-19,745.3270263671875,1220.9967041015625,480.989990234375,1618.9088134765625,304.8655700683594
2019-11-20,746.2738647460938,1222.3887939453125,482.4519958496094,1594.632080078125,303.38922119140625
2019-11-21,734.9615478515625,1231.988525390625,485.6195983886719,1590.4447021484375,305.7421569824219
2019-11-22,729.678955078125,1214.1328125,484.2063293457031,1564.3734130859375,303.8505859375
2019-11-25,752.2540893554688,1220.228759765625,485.18096923828125,1598.8194580078125,310.1250305175781
2019-11-26,749.7623291015625,1224.020751953125,497.7539978027344,1599.567138671875,309.5714111328125
2019-11-27,750.4102172851562,1227.236572265625,492.6858215332031,1613.0264892578125,316.999267578125
2019-11-28,748.1177368164062,1214.6610107421875,505.9897766113281,1610.13525390625,322.3049011230469
2019-11-29,736.6060180664062,1223.924560546875,499.6058044433594,1610.3345947265625,315.4306640625
2019-12-02,741.8386840820312,1215.0927734375,497.9488830566406,1628.0810546875,312.339599609375
2019-12-03,730.9747314453125,1205.1572265625,496.4382019042969,1641.7896728515625,310.2634582519531
2019-12-04,737.4033813476562,1201.5572509765625,515.833740234375,1646.276123046875,315.4306640625
2019-12-05,726.83837890625,1195.749267578125,514.712890625,1644.33203125,310.21734619140625
2019-12-06,715.2269897460938,1196.181396484375,511.4964904785156,1669.256591796875,295.2693176269531
2019-12-09,729.579345703125,1193.205322265625,513.1535034179688,1654.251953125,292.2243957519531
2019-12-10,713.333251953125,1199.4932861328125,515.2977294921875,1657.392578125,289.17938232421875
2019-12-11,714.180419921875,1198.773193359375,520.0247192382812,1681.4697265625,288.6257629394531
2019-12-12,719.7120361328125,1213.0289306640625,521.7791137695312,1710.43212890625,296.9763488769531
2019-12-13,749.51318359375,1213.2689208984375,523.43603515625,1687.6510009765625,306.8493957519531
2019-12-16,744.7788696289062,1207.0291748046875,525.580322265625,1698.8173828125,306.2035217285156
2019-12-17,743.1842041015625,1220.228759765625,527.4320678710938,1708.1392822265625,307.17236328125
2019-12-18,739.396728515625,1240.6282958984375,527.67578125,1719.15576171875,301.68218994140625
2019-12-19,740.094482421875,1237.2203369140625,526.5061645507812,1724.2904052734375,302.7894287109375
2019-12-20,737.4033813476562,1244.8043212890625,532.256591796875,1687.60107421875,311.73980712890625
2019-12-23,740.6925048828125,1250.276123046875,527.5782470703125,1699.7645263671875,306.71099853515625
2019-12-24,738.2008056640625,1237.5565185546875,527.3833618164062,1706.39453125,305.8344421386719
2019-12-26,734.064453125,1219.604736328125,525.0928955078125,1689.1466064453125,304.35809326171875
2019-12-27,757.63623046875,1223.9727783203125,535.4729614257812,1680.5224609375,311.1861877441406
2019-12-30,751.606201171875,1230.8365478515625,530.1611938476562,1685.3082275390625,308.5564270019531
2019-12-31,751.606201171875,1221.188720703125,525.2391357421875,1679.2762451171875,307.9566650390625
2020-01-01,746.22412109375,1227.4287109375,523.1436767578125,1669.0074462890625,308.60260009765625
2020-01-02,754.4468383789062,1235.25244140625,526.8960571289062,1666.514892578125,313.0777282714844
2020-01-03,740.4931640625,1217.636962890625,525.1903686523438,1652.1083984375,307.9105529785156
2020-01-06,720.8582153320312,1191.285400390625,512.3737182617188,1647.5721435546875,294.3465881347656
2020-01-07,723.3499755859375,1210.1490478515625,509.644775390625,1665.8170166015625,293.79296875
2020-01-08,722.1040649414062,1206.9810791015625,512.6174926757812,1649.865234375,295.0847473144531
2020-01-09,740.3934326171875,1220.5169677734375,532.4515380859375,1660.0345458984375,304.6810302734375
2020-01-10,737.6027221679688,1231.3643798828125,526.554931640625,1679.625244140625,306.5726013183594
2020-01-13,734.9615478515625,1234.532470703125,524.9466552734375,1686.0059814453125,305.1885070800781
2020-01-14,745.4267578125,1237.8924560546875,523.9720458984375,1671.749267578125,302.6510314941406
2020-01-15,743.8319702148438,1232.8525390625,522.0228271484375,1670.552734375,299.19085693359375
2020-01-16,734.86181640625,1236.116455078125,523.533447265625,1696.4246826171875,298.3142395019531
2020-01-17,737.4531860351562,1226.99658203125,518.5628051757812,1692.98486328125,293.42388916015625
2020-01-20,724.795166015625,1204.67724609375,521.291748046875,1613.0264892578125,289.7330017089844
2020-01-21,715.2269897460938,1194.5494384765625,517.588134765625,1620.204833984375,289.4562072753906
2020-01-22,710.2434692382812,1191.189453125,509.5959777832031,1580.7242431640625,291.7168273925781
2020-01-23,720.6090698242188,1195.0294189453125,514.3230590820312,1601.0126953125,298.2220153808594
2020-01-24,734.9615478515625,1194.741455078125,520.317138671875,1638.0009765625,299.00634765625
2020-01-27,737.8020629882812,1164.6458740234375,523.6309814453125,1613.47509765625,291.7630310058594
2020-01-28,734.7123413085938,1174.24560546875,514.8104248046875,1621.1519775390625,290.7480163574219
2020-01-29,732.818603515625,1186.3895263671875,513.2509155273438,1635.508544921875,291.99371337890625
2020-01-30,728.4829711914062,1176.9818115234375,518.7090454101562,1623.345458984375,286.6880798339844
2020-01-31,726.8882446289062,1177.2218017578125,512.3250732421875,1686.654052734375,293.839111328125
2020-02-03,706.6055908203125,1145.0623779296875,502.48101806640625,1671.20068359375,275.06182861328125
2020-02-04,712.635498046875,1180.5816650390625,517.344482421875,1693.1845703125,282.5819396972656
2020-02-05,721.6555786132812,1194.8372802734375,525.43408203125,1684.6600341796875,286.9648742675781
2020-02-06,734.512939453125,1190.181396484375,527.8706665039062,1668.9573974609375,297.068603515625
2020-02-07,745.6759033203125,1192.4853515625,522.8511962890625,1648.07080078125,295.77679443359375
2020-02-10,738.6492309570312,1190.6614990234375,520.4146118164062,1664.271728515625,293.88525390625
2020-02-11,747.469970703125,1190.9493408203125,526.067626953125,1672.39697265625,299.2831115722656
2020-02-12,752.75244140625,1199.0133056640625,535.37548828125,1709.734375,295.4538879394531
2020-02-13,745.3270263671875,1191.7174072265625,527.285888671875,1684.7099609375,302.1435852050781
2020-02-14,734.064453125,1170.5498046875,531.9641723632812,1675.8865966796875,294.71563720703125
2020-02-17,735.9581909179688,1168.43798828125,527.8706665039062,1686.0059814453125,289.91754150390625
2020-02-18,731.223876953125,1164.694091796875,527.4808349609375,1685.9063720703125,293.0086364746094
2020-02-19,738.5994262695312,1178.085693359375,530.989501953125,1695.9759521484375,295.59228515625
2020-02-20,741.8386840820312,1168.3900146484375,533.1337890625,1680.8714599609375,302.3280944824219
2020-02-24,723.0509643554688,1161.5260009765625,516.4185791015625,1673.1947021484375,297.9913330078125
2020-02-25,726.340087890625,1152.262451171875,517.4906616210938,1670.7520751953125,301.54376220703125
2020-02-26,726.9879150390625,1151.25439453125,510.42437744140625,1661.4801025390625,302.8356018066406
2020-02-27,733.4165649414062,1151.4462890625,502.2861022949219,1677.6812744140625,297.068603515625
2020-02-28,694.9940795898438,1130.518798828125,484.6449279785156,1615.4691162109375,279.5831604003906
2020-03-02,681.9373779296875,1132.3907470703125,493.2705993652344,1594.1834716796875,265.18878173828125
2020-03-03,684.877685546875,1134.5028076171875,501.7013244628906,1621.4012451171875,267.44940185546875
2020-03-04,679.9440307617188,1102.8714599609375,495.4635314941406,1603.1064453125,263.25103759765625
2020-03-05,675.6583251953125,1105.271240234375,491.7111511230469,1646.375732421875,266.2037353515625
2020-03-06,655.4752197265625,1089.4796142578125,474.0212707519531,1626.1370849609375,249.59481811523438
2020-03-09,621.4879760742188,1062.984375,446.146240234375,1573.3963623046875,233.86251831054688
2020-03-11,617.3018798828125,1069.22412109375,453.84600830078125,1584.5126953125,226.1578369140625
2020-03-12,541.4535522460938,980.4261474609375,414.85992431640625,1460.6370849609375,196.16954040527344
2020-03-13,566.9190063476562,1026.985107421875,435.8636779785156,1465.6219482421875,223.2974090576172
2020-03-16,506.9181213378906,959.4986572265625,392.6866760253906,1379.531982421875,206.08876037597656
2020-03-17,486.73504638671875,936.0751342773438,357.94036865234375,1318.7158203125,198.52247619628906
2020-03-18,471.88433837890625,841.8052368164062,346.0496520996094,1168.4197998046875,198.568603515625
2020-03-19,426.83380126953125,859.7088012695312,329.9679260253906,1207.20263671875,187.9112091064453
2020-03-20,426.734130859375,847.51708984375,336.9366760253906,1258.5474853515625,193.632080078125
2020-03-23,307.62933349609375,740.6714477539062,276.8007507324219,1094.94189453125,167.56532287597656
2020-03-24,302.1474609375,736.9755859375,288.9838562011719,1149.42724609375,169.0416717529297
2020-03-25,325.7192687988281,822.4617309570312,308.8667297363281,1286.2637939453125,175.22386169433594
2020-03-26,340.2710266113281,865.03662109375,321.8782958984375,1368.8143310546875,177.85360717773438
2020-03-27,358.56036376953125,868.2526245117188,331.2349548339844,1394.885498046875,180.80630493164062
2020-03-30,366.93255615234375,798.3662719726562,305.4554443359375,1289.802978515625,172.45571899414062
2020-03-31,377.7467041015625,827.4055786132812,315.5430908203125,1292.14599609375,181.63674926757812
2020-04-01,357.4639587402344,796.4462890625,303.26251220703125,1178.090576171875,172.13279724121094
2020-04-03,324.373779296875,781.278564453125,279.383544921875,1137.41357421875,161.93678283691406
2020-04-07,387.5641174316406,860.2367553710938,317.83349609375,1194.4412841796875,171.99436950683594
2020-04-08,390.05584716796875,853.3250732421875,310.8647766113281,1184.072509765625,168.8571319580078
2020-04-09,418.7605895996094,888.0281372070312,334.0127258300781,1269.0657958984375,173.2400360107422
2020-04-13,417.5645446777344,859.5167236328125,322.2681579589844,1247.132080078125,169.3184814453125
2020-04-15,415.9200134277344,828.74951171875,319.0518493652344,1170.21435546875,168.25738525390625
2020-04-16,421.15264892578125,844.5411376953125,333.3304443359375,1127.443603515625,173.9320831298828
2020-04-17,477.21661376953125,873.8685302734375,366.02996826171875,1182.6767578125,178.3149871826172
2020-04-20,454.44219970703125,907.0357055664062,352.14117431640625,1174.2022705078125,177.6229248046875
2020-04-21,419.2589111328125,884.7642822265625,323.437744140625,1126.7457275390625,170.47189331054688
2020-04-22,429.7242126464844,891.4360961914062,327.4338073730469,1148.6793212890625,174.1166229248047
2020-04-23,428.6278381347656,916.7315673828125,344.00286865234375,1245.8858642578125,172.27117919921875
2020-04-24,402.6141662597656,900.5078735351562,326.3616943359375,1235.8162841796875,165.8583221435547
2020-04-27,425.88690185546875,892.4921264648438,339.0809020996094,1299.6732177734375,166.91941833496094
2020-04-28,453.9438781738281,894.1240844726562,350.72796630859375,1322.65380859375,170.0566864013672
2020-04-29,437.6479187011719,937.9950561523438,361.05926513671875,1323.8502197265625,175.40843200683594
2020-04-30,443.4287109375,961.7064819335938,370.5133361816406,1353.11181640625,175.7775115966797
2020-05-04,401.46795654296875,886.0602416992188,329.4805603027344,1273.9510498046875,165.0278778076172
2020-05-05,387.7135925292969,874.9725341796875,322.4631042480469,1234.619873046875,157.2309112548828
2020-05-06,387.5641174316406,908.5237426757812,332.7456359863281,1242.1968994140625,157.8768310546875
2020-05-07,396.0359802246094,887.9801635742188,328.2135314941406,1196.1861572265625,157.55386352539062
2020-05-08,380.7865905761719,891.8681030273438,329.13946533203125,1213.7828369140625,153.7707061767578
2020-05-11,378.2948303222656,879.1483764648438,312.03436279296875,1184.8701171875,152.66343688964844
2020-05-12,385.5707092285156,865.4686889648438,313.0577392578125,1153.714111328125,154.00140380859375
2020-05-13,412.6309509277344,890.5241088867188,329.4805603027344,1183.1253662109375,160.64495849609375
2020-05-14,400.62078857421875,857.9329223632812,319.1005554199219,1169.5662841796875,154.97024536132812
2020-05-15,387.2651062011719,852.60498046875,314.5197448730469,1174.7506103515625,153.54005432128906
2020-05-18,357.6134948730469,803.1660766601562,290.93316650390625,1110.29541015625,143.29788208007812
2020-05-19,353.32769775390625,797.4061889648438,292.6875,1127.0447998046875,140.99107360839844
2020-05-20,361.3012390136719,822.7976684570312,297.90191650390625,1156.60546875,141.5447235107422
2020-05-21,356.0187683105469,825.149658203125,296.6835632324219,1146.78515625,140.20677185058594
2020-05-22,335.8357238769531,805.2779541015625,283.6720275878906,1156.705078125,139.1918182373047
2020-05-26,340.17132568359375,818.2857666015625,285.2801818847656,1149.7261962890625,139.69927978515625
2020-05-27,385.7202453613281,867.484619140625,310.767333984375,1213.882568359375,146.3428497314453
2020-05-28,389.65716552734375,907.4197387695312,318.5645446777344,1225.74658203125,145.9737548828125
2020-05-29,383.677001953125,913.5635986328125,323.53521728515625,1220.31298828125,148.83419799804688
2020-06-01,395.6372985839844,948.122802734375,330.650146484375,1244.6395263671875,156.907958984375
2020-06-02,408.74383544921875,960.9385375976562,339.5682067871094,1338.85498046875,157.09249877929688
2020-06-03,408.19561767578125,981.338134765625,347.80401611328125,1382.3734130859375,161.38311767578125
2020-06-04,393.0458984375,961.6105346679688,339.03216552734375,1330.3804931640625,160.59881591796875
2020-06-05,403.9596862792969,991.9937744140625,348.1451416015625,1333.770263671875,173.2861785888672
2020-06-08,428.82720947265625,975.2423095703125,350.6792297363281,1332.7235107421875,172.3634796142578
2020-06-09,418.6609191894531,947.7868041992188,339.71441650390625,1300.2216796875,170.19508361816406
2020-06-10,426.0364685058594,952.15478515625,344.0516357421875,1328.2369384765625,173.19390869140625
2020-06-11,412.082763671875,929.835205078125,332.5994567871094,1294.7879638671875,163.45924377441406
2020-06-12,406.6507873535156,943.4189453125,335.4747009277344,1275.945068359375,165.30467224121094
2020-06-15,388.3116455078125,911.8356323242188,322.706787109375,1245.1380615234375,160.27587890625
2020-06-16,380.2882385253906,950.7628173828125,334.25640869140625,1272.9541015625,159.53768920898438
2020-06-17,388.3116455078125,940.0590209960938,333.28173828125,1240.053466796875,159.58383178710938
2020-06-18,404.0593566894531,979.130126953125,343.0769348144531,1299.4239501953125,165.7660369873047
2020-06-19,415.67083740234375,991.9937744140625,354.5778503417969,1298.57666015625,170.24122619628906
2020-06-22,428.7275085449219,987.5780029296875,358.2327575683594,1351.2674560546875,173.19390869140625
2020-06-23,442.1828918457031,1000.5856323242188,366.6147766113281,1385.71337890625,177.57679748535156
2020-06-24,423.2456970214844,991.1778564453125,339.2758483886719,1339.8519287109375,170.33349609375
2020-06-25,420.30548095703125,987.5780029296875,342.102294921875,1377.5379638671875,170.93324279785156
2020-06-26,423.4450378417969,1014.16943359375,340.25048828125,1336.0633544921875,170.33349609375
2020-06-29,403.4613342285156,1032.9849853515625,334.4025573730469,1351.5665283203125,165.39694213867188
2020-06-30,405.30523681640625,1023.193115234375,342.54095458984375,1356.3519287109375,164.65878295898438
2020-07-01,431.8172912597656,1041.1927490234375,354.8215026855469,1352.6630859375,170.51803588867188
2020-07-02,421.8005065917969,1045.8006591796875,353.65191650390625,1347.927490234375,171.1177978515625
2020-07-03,427.03314208984375,1030.968994140625,351.8488464355469,1349.7220458984375,170.42575073242188
2020-07-06,432.5647888183594,1058.8564453125,352.6772766113281,1363.779541015625,173.51686096191406
2020-07-07,445.87066650390625,1060.92041015625,366.5173034667969,1364.1285400390625,174.0243682861328
2020-07-08,442.68121337890625,1065.9122314453125,359.5972900390625,1348.67529296875,177.06930541992188
2020-07-09,452.2494812011719,1079.9278564453125,360.9617919921875,1364.0289306640625,183.71287536621094
2020-07-10,438.1462707519531,1060.8721923828125,351.2153015136719,1345.2852783203125,180.48338317871094
2020-07-13,438.5947570800781,1037.016845703125,344.63641357421875,1331.5269775390625,177.80747985839844
2020-07-14,416.3187255859375,1016.4733276367188,336.79046630859375,1294.3892822265625,171.67141723632812
2020-07-15,425.2391052246094,1011.0014038085938,337.03411865234375,1286.1142578125,169.59530639648438
2020-07-16,432.5647888183594,1020.0253295898438,335.91326904296875,1318.6658935546875,171.85597229003906
2020-07-17,431.66778564453125,1054.48828125,344.8313293457031,1323.4512939453125,173.65524291992188
2020-07-20,432.5647888183594,1087.703857421875,353.7981262207031,1315.07666015625,176.00819396972656
2020-07-21,444.7244567871094,1092.9837646484375,369.1976013183594,1354.9063720703125,179.3760986328125
2020-07-22,477.36614990234375,1081.2718505859375,371.4393005371094,1338.3065185546875,177.16159057617188
2020-07-23,459.32598876953125,1085.1597900390625,382.306640625,1369.9111328125,182.92855834960938
2020-07-24,444.1264343261719,1074.31201171875,372.12152099609375,1345.9334716796875,177.11544799804688
2020-07-27,430.12286376953125,1036.296875,349.4122314453125,1318.615966796875,172.68641662597656
2020-07-28,435.6047058105469,1043.1607666015625,343.1744384765625,1379.8809814453125,174.8086700439453
2020-07-29,439.44195556640625,1021.9931640625,342.1510314941406,1385.2646484375,176.4234161376953
2020-07-30,424.4417419433594,1008.6016235351562,336.2056579589844,1380.828125,172.13279724121094
2020-07-31,430.2225646972656,991.4659423828125,338.0087890625,1361.6361083984375,176.6540985107422
2020-08-03,415.9698791503906,961.8985595703125,334.54876708984375,1304.6083984375,177.3922576904297
2020-08-04,427.7308349609375,999.9616088867188,342.102294921875,1319.9620361328125,176.79251098632812
2020-08-05,433.51165771484375,986.4259643554688,343.27191162109375,1330.1810302734375,176.6540985107422
2020-08-06,431.5680847167969,999.0496826171875,349.6558837890625,1336.0633544921875,176.1927490234375
2020-08-07,431.8670959472656,1002.0736083984375,348.87615966796875,1338.4560546875,175.91592407226562
2020-08-10,429.6743469238281,1008.6016235351562,354.3341979980469,1356.1026611328125,178.82247924804688
2020-08-11,446.51849365234375,1023.9613037109375,358.0378723144531,1360.489501953125,179.97586059570312
2020-08-12,449.6082458496094,1021.129150390625,357.5505065917969,1331.078369140625,187.58828735351562
2020-08-13,446.6181640625,1016.6653442382812,358.7200927734375,1332.2249755859375,186.29649353027344
2020-08-14,434.40869140625,993.0498657226562,352.23870849609375,1303.5115966796875,181.31381225585938
2020-08-17,436.7010498046875,991.4179077148438,351.069091796875,1323.5511474609375,178.1765899658203
2020-08-18,444.32574462890625,1014.2173461914062,360.1820373535156,1365.22509765625,180.0220184326172
2020-08-19,442.7310791015625,1023.9131469726562,364.9578857421875,1351.5166015625,181.8212890625
2020-08-20,433.51165771484375,1016.617431640625,358.4277038574219,1334.318603515625,179.6990509033203
2020-08-21,438.99346923828125,1042.20068359375,361.7414855957031,1335.3653564453125,183.0669708251953
2020-08-24,444.32574462890625,1072.34423828125,370.7082824707031,1383.0714111328125,185.88124084472656
2020-08-25,450.305908203125,1074.887939453125,376.55621337890625,1395.8824462890625,191.87890625
2020-08-26,461.8177185058594,1073.6878662109375,379.4801940917969,1432.372314453125,193.632080078125
2020-08-27,471.4856262207031,1067.5921630859375,382.2579345703125,1415.72265625,198.98382568359375
2020-08-28,507.5161437988281,1069.896240234375,399.3143005371094,1462.6806640625,207.4728240966797
2020-08-31,495.1072692871094,1071.1920166015625,384.5970764160156,1397.1287841796875,195.61590576171875
2020-09-01,484.0938415527344,1082.1839599609375,381.0395812988281,1426.340576171875,201.24449157714844
2020-09-02,482.7981262207031,1088.759765625,382.4528503417969,1419.2120361328125,199.5374755859375
2020-09-03,473.37939453125,1085.639892578125,373.0474548339844,1392.49267578125,196.6770477294922
2020-09-04,453.6946716308594,1074.504150390625,363.1060485839844,1375.8929443359375,190.63327026367188
2020-09-07,457.18310546875,1066.0562744140625,363.9344482421875,1364.627197265625,191.83279418945312
2020-09-08,442.8805847167969,1067.9281005859375,366.1761779785156,1346.63134765625,188.28033447265625
2020-09-09,429.8238830566406,1052.616455078125,358.2815246582031,1322.1553955078125,179.79132080078125
2020-09-10,445.3722839355469,1046.90478515625,361.30291748046875,1315.525390625,182.83628845214844
2020-09-11,445.7211608886719,1035.48095703125,361.1080017089844,1326.3426513671875,187.03466796875
2020-09-14,439.0931396484375,1015.6093139648438,354.4803466796875,1300.77001953125,183.15924072265625
2020-09-15,448.0633544921875,1027.6571044921875,362.13134765625,1319.9620361328125,184.68173217773438
2020-09-16,444.5251159667969,1049.880615234375,365.2015686035156,1321.40771484375,182.88243103027344
2020-09-17,441.43536376953125,1040.232666015625,359.64599609375,1301.168701171875,180.344970703125
2020-09-18,441.88385009765625,1014.9853515625,360.1820373535156,1273.253173828125,177.71522521972656
2020-09-21,421.95001220703125,1007.3054809570312,341.8099365234375,1283.970703125,171.4407501220703
2020-09-22,410.6375427246094,993.9618530273438,345.4161071777344,1266.722900390625,171.809814453125
2020-09-23,418.3619384765625,1005.3375854492188,342.9307861328125,1271.5582275390625,169.59530639648438
2020-09-24,401.119140625,989.1619873046875,327.1901550292969,1242.346435546875,162.72108459472656
2020-09-25,413.6774597167969,1002.2175903320312,339.8118591308594,1249.2755126953125,168.11895751953125
2020-09-28,437.79742431640625,1012.0093994140625,353.7981262207031,1274.8482666015625,172.7786865234375
2020-09-29,425.4384460449219,1020.0253295898438,347.9989318847656,1259.44482421875,170.7487030029297
2020-09-30,423.2456970214844,1035.432861328125,345.75726318359375,1264.3798828125,171.07164001464844
2020-10-01,442.23272705078125,1062.648193359375,359.8409423828125,1301.1190185546875,175.5929718017578
2020-10-05,442.68121337890625,1069.7520751953125,363.6420593261719,1310.64013671875,174.1627655029297
2020-10-06,448.16302490234375,1098.3115234375,370.95196533203125,1334.218994140625,176.79251098632812
2020-10-07,451.6016540527344,1115.735107421875,372.9499816894531,1320.709716796875,175.96206665039062
2020-10-08,450.40557861328125,1144.1025390625,377.6770324707031,1316.12353515625,176.70022583007812
2020-10-09,466.502197265625,1184.181640625,391.3221435546875,1315.874267578125,182.97471618652344
2020-10-12,466.4523620605469,1165.0780029296875,393.8075256347656,1308.9453125,183.34378051757812
2020-10-13,459.8243713378906,1150.486328125,386.20526123046875,1340.898681640625,180.57562255859375
2020-10-14,469.741455078125,1163.0140380859375,396.48779296875,1349.2733154296875,184.58946228027344
2020-10-15,461.0701904296875,1122.4549560546875,381.08831787109375,1305.60546875,177.94589233398438
2020-10-16,470.8377990722656,1151.3502197265625,386.0590515136719,1332.5240478515625,180.80630493164062
2020-10-19,491.3198547363281,1155.3824462890625,406.5267028808594,1372.552978515625,188.23419189453125
2020-10-20,492.3165588378906,1174.9658203125,404.0901184082031,1364.6768798828125,187.35760498046875
2020-10-21,499.791748046875,1196.8052978515625,409.64556884765625,1389.1031494140625,188.0034942626953
2020-10-22,508.6124572753906,1183.9417724609375,402.43316650390625,1388.8538818359375,187.58828735351562
2020-10-23,505.522705078125,1186.341552734375,406.3805236816406,1378.884033203125,187.12692260742188
2020-10-26,491.7185363769531,1162.4381103515625,394.1973876953125,1412.632080078125,181.49835205078125
2020-10-27,506.4197692871094,1183.7496337890625,399.5579833984375,1582.86767578125,179.6067657470703
2020-10-28,503.031005859375,1161.18994140625,386.01031494140625,1546.677001953125,175.7313690185547
2020-10-29,492.21685791015625,1139.6864013671875,389.7626953125,1566.1680908203125,174.1166229248047
2020-10-30,490.8713073730469,1136.1826171875,382.64776611328125,1542.73876953125,174.62411499023438
2020-11-02,520.9216918945312,1166.614013671875,406.86785888671875,1575.9384765625,180.89859008789062
2020-11-03,532.3836669921875,1198.0052490234375,432.5986328125,1588.7998046875,188.9262237548828
2020-11-04,523.4133911132812,1207.0770263671875,425.9709777832031,1625.7879638671875,191.00234985351562
2020-11-05,537.5166015625,1218.40478515625,427.38421630859375,1670.403076171875,201.75196838378906
2020-11-06,539.95849609375,1255.31591796875,431.5751953125,1712.8748779296875,202.25946044921875
2020-11-09,563.181396484375,1286.8994140625,450.9707946777344,1722.9443359375,202.53628540039062
2020-11-10,581.6701049804688,1337.8741455078125,471.58465576171875,1747.669677734375,213.79344177246094
2020-11-11,606.6372680664062,1334.322265625,474.2161560058594,1802.4044189453125,216.1002197265625
2020-11-12,597.7168579101562,1316.8026123046875,464.6158752441406,1749.4642333984375,209.27212524414062
2020-11-13,608.3316040039062,1304.4188232421875,473.2415466308594,1757.9886474609375,211.71731567382812
2020-11-14,611.1223754882812,1314.882568359375,474.5572814941406,1765.2166748046875,211.90185546875
2020-11-17,626.7205810546875,1352.0819091796875,474.07000732421875,1791.238037109375,221.6365203857422
2020-11-18,634.19580078125,1352.32177734375,485.0347900390625,1825.0859375,232.5245819091797
2020-11-19,609.4778442382812,1319.346435546875,466.6138916015625,1820.8485107421875,221.2213134765625
2020-11-20,605.8399047851562,1347.47412109375,468.0271301269531,1883.7088623046875,223.9894561767578
2020-11-23,593.6303100585938,1338.7861328125,456.3800964355469,1892.1331787109375,220.25245666503906
2020-11-24,617.6008911132812,1380.6412353515625,466.077880859375,1919.101806640625,225.00445556640625
2020-11-25,597.8663330078125,1346.657958984375,460.7173156738281,1856.83984375,224.22012329101562
2020-11-26,610.5242919921875,1369.5533447265625,463.2513427734375,1883.40966796875,226.48077392578125
2020-11-27,599.6105346679688,1383.1851806640625,461.3507995605469,1901.3553466796875,225.37353515625
2020-12-01,601.65380859375,1375.9373779296875,472.80291748046875,1870.199462890625,228.87986755371094
2020-12-02,606.0890502929688,1350.641845703125,468.27081298828125,1808.735107421875,227.8648681640625
2020-12-03,600.7069702148438,1322.08251953125,469.6353454589844,1815.5147705078125,236.49224853515625
2020-12-04,612.4678955078125,1330.146240234375,489.3232727050781,1840.6885986328125,243.1358184814453
2020-12-07,617.2021484375,1317.3304443359375,497.5103454589844,1815.0660400390625,248.764404296875
2020-12-08,618.5975952148438,1321.2186279296875,495.51226806640625,1828.2763671875,250.88662719726562
2020-12-09,632.1027221679688,1350.8818359375,498.53369140625,1877.87646484375,249.45645141601562
2020-12-10,624.9763793945312,1330.38623046875,494.09906005859375,1897.56689453125,248.71823120117188
2020-12-11,611.2220458984375,1327.4583740234375,502.3835754394531,1914.6153564453125,251.39413452148438
2020-12-14,613.86328125,1317.234619140625,512.4712524414062,1933.50830078125,253.00892639160156
2020-12-15,605.09228515625,1335.6181640625,504.9176025390625,1945.272705078125,249.73324584960938
2020-12-16,604.0956420898438,1354.2418212890625,499.4596252441406,1946.66845703125,248.57984924316406
2020-12-17,603.3980712890625,1384.09716796875,497.4615783691406,1959.529541015625,247.01123046875
2020-12-18,607.4844360351562,1354.86572265625,504.04052734375,1943.47802734375,250.47145080566406
2020-12-21,580.57373046875,1317.714599609375,481.96466064453125,1915.06396484375,235.01593017578125
2020-12-22,587.7997436523438,1318.1466064453125,487.61761474609375,1897.2178955078125,237.5533905029297
2020-12-23,590.4908447265625,1320.594482421875,490.833984375,1914.9642333984375,242.6744842529297
2020-12-24,608.1820678710938,1341.18603515625,500.53173828125,1954.6943359375,246.2269287109375
2020-12-28,615.6074829101562,1356.3056640625,506.9156494140625,1982.908935546875,253.9315948486328
2020-12-29,628.115966796875,1370.08154296875,515.3950805664062,1993.2777099609375,256.42291259765625
2020-12-30,623.0327758789062,1375.16943359375,515.346435546875,2011.8714599609375,255.5001983642578
2020-12-31,618.3982543945312,1378.8172607421875,521.4866943359375,1989.5887451171875,253.700927734375
2021-01-01,621.737060546875,1368.017578125,514.1281127929688,1988.0435791015625,257.8070373535156
2021-01-04,622.6341552734375,1359.3297119140625,518.2216796875,1959.62939453125,259.3294677734375
2021-01-05,662.252685546875,1369.6014404296875,523.6309814453125,1953.8468017578125,259.97540283203125
2021-01-06,652.08642578125,1363.697509765625,532.8413696289062,1964.4647216796875,263.0203552246094
2021-01-07,668.8806762695312,1359.569580078125,527.3833618164062,1946.5189208984375,265.4655456542969
2021-01-08,670.4754028320312,1374.3533935546875,528.309326171875,1964.7637939453125,263.8969421386719
2021-01-11,664.7445068359375,1393.3609619140625,530.8921508789062,1932.3118896484375,260.66741943359375
2021-01-12,673.4654541015625,1421.728271484375,534.1085205078125,1897.71630859375,269.8946228027344
2021-01-13,685.5254516601562,1411.79248046875,542.3929443359375,1876.4306640625,283.0894470214844
2021-01-14,673.7645263671875,1409.9686279296875,539.2741088867188,1886.9490966796875,283.50469970703125
2021-01-15,672.6182861328125,1407.95263671875,529.2352294921875,1858.285400390625,280.3674621582031
2021-01-18,654.8273315429688,1423.744140625,519.6348876953125,1841.3865966796875,271.69390869140625
2021-01-19,666.5384521484375,1443.663818359375,532.5977172851562,1881.3160400390625,275.523193359375
2021-01-20,673.515380859375,1432.2880859375,537.0324096679688,1877.9261474609375,279.1679382324219
2021-01-21,673.614990234375,1415.7763671875,538.6893310546875,1852.203857421875,272.06298828125
2021-01-22,642.36865234375,1385.777099609375,520.2684326171875,1822.49365234375,261.77471923828125
2021-01-25,656.2227172851562,1404.3046875,524.4107055664062,1788.994873046875,259.23724365234375
2021-01-27,630.0097045898438,1353.185791015625,509.1086120605469,1759.38427734375,254.3468475341797
2021-01-28,668.4821166992188,1316.5626220703125,514.859130859375,1717.660400390625,260.5290222167969
2021-01-29,660.7078247070312,1334.85009765625,523.3872680664062,1707.7900390625,260.29833984375
2021-02-01,707.0042114257812,1417.6484375,588.493896484375,1796.0736083984375,286.6880798339844
2021-02-02,711.838134765625,1498.094482421875,601.700439453125,1855.6934814453125,307.3569030761719
2021-02-03,731.3733520507812,1511.7742919921875,606.5736694335938,1846.6207275390625,309.9866638183594
2021-02-04,741.4400024414062,1515.902099609375,612.3729248046875,1904.6455078125,327.65667724609375
2021-02-05,717.2202758789062,1533.6617431640625,598.5816040039062,1976.7276611328125,362.7198486328125
2021-02-08,733.7156372070312,1541.005615234375,613.639892578125,1951.2547607421875,366.3646545410156
2021-02-09,740.0446166992188,1547.3414306640625,617.2948608398438,1943.2786865234375,364.2884826660156
2021-02-10,732.3699951171875,1518.4461669921875,616.1253051757812,1946.1700439453125,361.9355773925781
2021-02-11,737.6525268554688,1509.42236328125,614.663330078125,1955.093017578125,359.9978942871094
2021-02-12,747.9185180664062,1518.63818359375,631.18359375,1945.1729736328125,362.7660217285156
2021-02-15,791.374267578125,1551.9013671875,656.8656616210938,1979.9678955078125,375.4995422363281
2021-02-16,772.4869384765625,1561.5491943359375,641.6611328125,2013.56640625,371.2550048828125
2021-02-17,775.1780395507812,1523.006103515625,640.6864624023438,1983.4573974609375,379.92852783203125
2021-02-18,774.4304809570312,1492.0947265625,628.3084106445312,1939.5897216796875,383.1119689941406
2021-02-19,747.1709594726562,1477.5029296875,608.2306518554688,1932.909912109375,368.6714172363281
2021-02-22,717.0708618164062,1486.0467529296875,594.3905639648438,1943.727294921875,359.3981018066406
2021-02-23,713.5823974609375,1467.9512939453125,600.677001953125,1867.3082275390625,365.0267333984375
2021-02-24,746.9217529296875,1542.1575927734375,624.848388671875,1905.4429931640625,374.8536071777344
2021-02-25,768.1015014648438,1542.1094970703125,612.0804443359375,1889.790283203125,375.7763366699219
2021-02-26,722.4031372070312,1472.9912109375,582.5972900390625,1774.9871826171875,359.9978942871094
2021-03-01,726.1407470703125,1496.510498046875,592.9285888671875,1839.84130859375,364.42694091796875
2021-03-02,728.831787109375,1505.4383544921875,595.0240478515625,1839.093505859375,363.7348937988281
2021-03-03,751.4567260742188,1523.3421630859375,616.0765380859375,1893.7784423828125,373.746337890625
2021-03-04,734.3634643554688,1489.9346923828125,605.0142822265625,1891.9837646484375,365.07281494140625
2021-03-05,728.33349609375,1468.767333984375,594.000732421875,1916.7091064453125,354.000244140625
2021-03-08,740.8419189453125,1458.6875,592.63623046875,1910.078857421875,359.4903869628906
2021-03-09,742.9848022460938,1499.966552734375,609.2539672851562,1972.98876953125,357.64495849609375
2021-03-10,758.2342529296875,1493.4866943359375,609.7412719726562,1958.0340576171875,357.7372131347656
2021-03-12,748.1177368164062,1489.8387451171875,597.3145141601562,1929.32080078125,351.6473083496094
2021-03-15,741.9383544921875,1467.47119140625,588.2014770507812,1912.8707275390625,354.23089599609375
2021-03-16,735.310302734375,1451.631591796875,579.8682861328125,1897.4671630859375,349.29437255859375
2021-03-17,725.4929809570312,1435.5040283203125,574.5564575195312,1862.721923828125,339.6981506347656
2021-03-18,716.3731079101562,1431.328125,563.9327392578125,1824.8863525390625,338.729248046875
2021-03-19,723.8483276367188,1437.5679931640625,571.7787475585938,1828.625244140625,342.46624755859375
2021-03-22,713.8316040039062,1410.3525390625,558.913330078125,1817.1597900390625,338.636962890625
2021-03-23,728.1340942382812,1440.1119384765625,571.5350952148438,1807.18994140625,343.8965148925781
2021-03-24,704.0640258789062,1419.6163330078125,553.1141357421875,1777.080810546875,332.03955078125
2021-03-25,692.302978515625,1404.7845458984375,557.0614624023438,1757.5897216796875,327.74896240234375
2021-03-26,695.89111328125,1431.6162109375,563.884033203125,1765.7152099609375,329.5943603515625
2021-03-30,693.0504760742188,1491.5186767578125,576.45703125,1775.884521484375,332.9161376953125
2021-03-31,695.1436157226562,1433.8720703125,567.3440551757812,1747.7196044921875,336.1456604003906
2021-04-01,710.6421508789062,1427.248046875,579.332275390625,1799.1143798828125,342.0048828125
2021-04-05,682.9839477539062,1391.5850830078125,556.76904296875,1753.9007568359375,326.2264404296875
2021-04-06,675.6583251953125,1382.609130859375,551.5546875,1762.9735107421875,323.45831298828125
2021-04-07,685.9739990234375,1389.281005859375,563.0068359375,1786.6021728515625,330.8400573730469
2021-04-08,679.3460083007812,1375.4573974609375,562.0809326171875,1777.8785400390625,328.1180114746094
2021-04-09,665.9903564453125,1364.849609375,551.8471069335938,1793.830322265625,325.7189636230469
2021-04-12,633.4981079101562,1312.3387451171875,524.8980102539062,1737.251220703125,303.4353942871094
2021-04-13,658.8141479492188,1344.3060302734375,546.3890380859375,1770.5006103515625,314.6463623046875
2021-04-15,666.63818359375,1372.8653564453125,560.6189575195312,1767.9085693359375,316.2149963378906
2021-04-16,666.9869995117188,1371.473388671875,552.5780639648438,1758.7862548828125,313.63134765625
2021-04-19,646.0066528320312,1355.8736572265625,545.5606079101562,1695.626953125,305.5575866699219
2021-04-20,649.5947265625,1335.714111328125,544.9270629882812,1692.586181640625,304.0351257324219
2021-04-22,656.521728515625,1365.569580078125,564.517578125,1730.82080078125,310.6325378417969
2021-04-23,669.1298217773438,1357.5537109375,555.5020141601562,1728.9761962890625,310.4479675292969
2021-04-26,698.1336669921875,1348.5780029296875,576.1158447265625,1754.349609375,317.6913146972656
2021-04-27,697.236572265625,1381.121337890625,583.5719604492188,1745.02783203125,325.7650451660156
2021-04-28,705.8082275390625,1417.6964111328125,605.59912109375,1805.9935302734375,335.315185546875
2021-04-29,717.02099609375,1413.568359375,605.696533203125,1799.5628662109375,331.6243591308594
2021-04-30,712.5359497070312,1355.77783203125,585.2776489257812,1743.532470703125,326.1803283691406
2021-05-03,700.4260864257812,1357.841796875,581.6226806640625,1720.2525634765625,323.5045166015625
2021-05-04,698.0339965820312,1332.7862548828125,576.554443359375,1727.4307861328125,324.3348693847656
2021-05-05,714.8283081054688,1346.4659423828125,587.519287109375,1765.4161376953125,327.9334716796875
2021-05-06,713.383056640625,1344.833984375,592.7824096679688,1782.86328125,328.0719299316406
2021-05-07,714.3797607421875,1358.129638671875,591.7102661132812,1774.9871826171875,330.5632019042969
2021-05-10,712.8847045898438,1363.025634765625,597.7044067382812,1803.89990234375,333.7466125488281
2021-05-11,705.0108642578125,1347.378173828125,594.3905639648438,1750.1622314453125,336.4685974121094
2021-05-12,689.0138549804688,1343.4901123046875,579.6734008789062,1713.67236328125,339.28289794921875
2021-05-14,682.7347412109375,1331.3463134765625,582.1587524414062,1701.50927734375,332.59320068359375
2021-05-17,706.904541015625,1382.609130859375,607.7920532226562,1738.8963623046875,353.4927673339844
2021-05-18,709.2966918945312,1417.600341796875,617.148681640625,1749.813232421875,352.70843505859375
2021-05-19,714.4296264648438,1399.8406982421875,609.5951538085938,1725.33740234375,354.6922607421875
2021-05-20,703.565673828125,1375.4573974609375,602.9187622070312,1703.054443359375,354.8306579589844
2021-05-21,728.4829711914062,1437.3759765625,626.1642456054688,1752.3555908203125,370.1939392089844
2021-05-24,738.6990356445312,1449.51953125,630.93994140625,1751.7073974609375,380.2053527832031
2021-05-25,729.1307983398438,1419.7603759765625,633.8151245117188,1745.22705078125,380.4822082519531
2021-05-26,732.6690673828125,1417.9364013671875,635.95947265625,1735.406982421875,381.5894470214844
2021-05-27,747.86865234375,1423.312255859375,635.7157592773438,1771.896484375,392.3390808105469
2021-05-28,737.4033813476562,1443.2796630859375,626.7489624023438,1795.325927734375,389.4325256347656
2021-05-31,748.217529296875,1455.18359375,645.9495239257812,1802.2547607421875,391.5547790527344
2021-06-01,742.6858520507812,1451.1995849609375,633.6203002929688,1791.5870361328125,399.1210632324219
2021-06-02,734.5628662109375,1443.8077392578125,631.9146118164062,1777.72900390625,403.4578552246094
2021-06-03,748.1676635742188,1459.6954345703125,633.7664794921875,1808.735107421875,409.417724609375
2021-06-04,739.5960693359375,1440.8798828125,626.4078979492188,1805.744140625,403.78375244140625
2021-06-07,748.6161499023438,1439.8238525390625,631.7684326171875,1809.43310546875,402.5265808105469
2021-06-08,743.8818359375,1423.6962890625,626.115478515625,1788.1474609375,397.8238525390625
2021-06-09,734.3136596679688,1421.056396484375,619.9751586914062,1777.529541015625,392.4692687988281
2021-06-10,741.7887573242188,1421.7762451171875,624.1661987304688,1794.1295166015625,402.5265808105469
2021-06-11,736.0079345703125,1426.8642578125,619.5852661132812,1788.945068359375,400.0588073730469
2021-06-14,733.8152465820312,1420.240234375,619.0492553710938,1762.7242431640625,400.75726318359375
2021-06-15,748.4168090820312,1430.6080322265625,628.94189453125,1765.5657958984375,399.9656982421875
2021-06-16,747.3204345703125,1425.1842041015625,623.873779296875,1755.2967529296875,396.6598205566406
2021-06-17,736.157470703125,1407.4244384765625,616.9537353515625,1760.7303466796875,391.3517761230469
2021-06-18,733.8651123046875,1420.576416015625,614.4196166992188,1755.14697265625,384.5071716308594
2021-06-21,737.1043090820312,1429.1201171875,615.2481689453125,1766.712158203125,390.88616943359375
2021-06-22,736.9049682617188,1424.4163818359375,614.8582153320312,1751.8072509765625,389.8617858886719
2021-06-23,729.9281005859375,1426.0482177734375,608.8641967773438,1731.4686279296875,390.04803466796875
2021-06-24,736.7057495117188,1445.9677734375,617.9771118164062,1732.6650390625,388.5115051269531
2021-06-25,758.8322143554688,1454.4635009765625,632.5481567382812,1729.77392578125,399.3138122558594
2021-06-28,759.8787841796875,1447.983642578125,633.8151245117188,1727.829833984375,397.4048156738281
2021-06-29,749.46337890625,1448.176513671875,623.873779296875,1700.7115478515625,392.51580810546875
2021-06-30,745.825439453125,1444.1754150390625,614.906982421875,1700.7115478515625,390.37396240234375
2021-07-01,743.9815673828125,1433.42529296875,614.8582153320312,1710.9306640625,391.4914245605469
2021-07-02,748.1676635742188,1427.3031005859375,624.0199584960938,1709.983642578125,395.2163391113281
2021-07-05,757.8355712890625,1441.813232421875,631.42724609375,1725.8856201171875,402.89910888671875
2021-07-06,755.8421630859375,1479.655517578125,633.8151245117188,1750.0625,400.1985168457031
2021-07-07,760.377197265625,1484.2833251953125,637.42138671875,1756.4931640625,403.0853271484375
2021-07-08,751.9052734375,1465.91650390625,625.628173828125,1727.08203125,395.2629699707031
2021-07-09,744.8785400390625,1448.12841796875,622.363037109375,1714.8687744140625,394.611083984375
2021-07-12,751.1078491210938,1433.666259765625,629.8677978515625,1726.73291015625,398.05670166015625
2021-07-13,768.2012329101562,1447.983642578125,648.0938110351562,1741.88720703125,399.5932312011719
2021-07-14,767.5035400390625,1445.380615234375,647.509033203125,1742.8841552734375,401.4090576171875
2021-07-15,771.5899658203125,1466.1575927734375,650.5304565429688,1744.778564453125,402.0144348144531
2021-07-16,768.5999145507812,1467.7484130859375,643.5617065429688,1744.2301025390625,400.4313049316406
2021-07-19,752.70263671875,1418.240234375,639.2732543945312,1717.610595703125,398.4757080078125
2021-07-20,743.2838134765625,1391.38916015625,625.628173828125,1697.521240234375,391.9570617675781
2021-07-22,744.2805786132812,1396.7398681640625,639.322021484375,1702.0576171875,393.0279541015625
2021-07-23,752.9019165039062,1391.00341796875,659.4972534179688,1717.7601318359375,399.4069519042969
2021-07-26,753.7989501953125,1383.09765625,659.5946655273438,1735.35693359375,394.1920166015625
2021-07-27,729.2803344726562,1388.111083984375,660.2769775390625,1692.8353271484375,400.384765625
2021-07-28,720.5094604492188,1366.46630859375,667.6842651367188,1647.8712158203125,396.2407531738281
2021-07-29,714.8780517578125,1367.382080078125,672.0341796875,1636.705078125,411.1870422363281
2021-07-30,706.5557250976562,1375.2880859375,667.1466674804688,1649.8154296875,402.1075134277344
2021-08-02,718.7652587890625,1371.6243896484375,666.0714111328125,1660.084228515625,404.9943542480469
2021-08-03,736.157470703125,1383.2421875,674.8690185546875,1680.572509765625,415.7967224121094
2021-08-04,751.3072509765625,1412.74462890625,698.5734252929688,1744.6787109375,425.52813720703125
2021-08-05,746.8220825195312,1431.593505859375,686.6478881835938,1766.4130859375,411.4664611816406
2021-08-06,738.4000244140625,1439.1136474609375,681.9558715820312,1771.8465576171875,405.6927795410156
2021-08-09,753.0016479492188,1449.960205078125,687.038818359375,1775.535400390625,403.5975036621094
2021-08-10,759.0315551757812,1453.57568359375,685.1327514648438,1807.7882080078125,397.12542724609375
2021-08-11,758.2840576171875,1441.3311767578125,677.9480590820312,1776.117919921875,398.6153869628906
2021-08-12,754.8455200195312,1447.5498046875,685.5726318359375,1783.2000732421875,397.7773132324219
2021-08-13,757.3870849609375,1471.4603271484375,688.9449462890625,1783.4993896484375,401.548828125
2021-08-16,759.4801025390625,1475.7025146484375,686.8434448242188,1777.863525390625,395.6354675292969
2021-08-17,754.2474975585938,1460.32470703125,685.426025390625,1783.8485107421875,392.51580810546875
2021-08-18,751.9052734375,1458.7337646484375,672.816162109375,1745.2957763671875,390.8395690917969
2021-08-20,737.8020629882812,1460.421142578125,665.3871459960938,1699.261962890625,378.7335510253906
2021-08-23,733.665771484375,1469.917724609375,667.3422241210938,1712.5284423828125,381.3409729003906
2021-08-24,743.8818359375,1502.939208984375,678.827880859375,1700.6085205078125,388.88397216796875
2021-08-25,736.6060180664062,1501.5413818359375,675.5043334960938,1692.9278564453125,387.6268310546875
2021-08-26,743.8818359375,1499.03466796875,683.0800170898438,1693.2271728515625,382.5050354003906
2021-08-27,749.911865234375,1492.912353515625,684.0086059570312,1709.2366943359375,384.088134765625
2021-08-30,781.4572143554688,1512.002197265625,697.595947265625,1731.4805908203125,393.63330078125
2021-08-31,783.8991088867188,1524.6805419921875,702.8743896484375,1749.2857666015625,396.7528991699219
2021-09-01,796.2581176757812,1522.4630126953125,703.7053833007812,1742.25341796875,400.33819580078125
2021-09-02,800.0454711914062,1532.0079345703125,708.8372192382812,1771.9287109375,400.1985168457031
2021-09-03,795.361083984375,1519.5224609375,708.00634765625,1787.339599609375,401.7350158691406
2021-09-06,798.1517944335938,1509.5435791015625,704.92724609375,1770.083251953125,401.4090576171875
2021-09-07,785.24462890625,1512.96630859375,700.7728271484375,1760.40771484375,399.5932312011719
2021-09-08,792.0719604492188,1519.8599853515625,704.731689453125,1810.780517578125,401.6885070800781
2021-09-09,787.5370483398438,1512.3394775390625,704.0474853515625,1813.274169921875,402.5731506347656
2021-09-13,785.7429809570312,1499.7576904296875,691.486572265625,1835.41845703125,403.0853271484375
2021-09-14,791.7730102539062,1493.0087890625,691.535400390625,1863.0484619140625,403.2249755859375
2021-09-15,788.7828979492188,1491.3216552734375,698.2801513671875,1866.9886474609375,413.3289489746094
2021-09-16,799.9458618164062,1503.9998779296875,710.8411254882812,1902.0003662109375,431.81396484375
2021-09-17,804.68017578125,1525.4036865234375,703.94970703125,2002.8956298828125,422.87408447265625
2021-09-20,793.2182006835938,1503.9034423828125,694.0280151367188,1996.4119873046875,407.3690490722656
2021-09-21,792.7197875976562,1496.2867431640625,695.8363647460938,2005.88818359375,408.62615966796875
2021-09-22,785.7429809570312,1478.6912841796875,687.527587890625,1980.5521240234375,408.6727600097656
2021-09-23,809.4642944335938,1513.689453125,700.8705444335938,2018.9052734375,418.8697814941406
2021-09-24,795.410888671875,1544.10791015625,706.686767578125,2022.994873046875,410.4421081542969
2021-09-27,794.3145141601562,1566.813232421875,713.578125,2028.231689453125,415.88983154296875
2021-09-28,786.5902099609375,1557.1236572265625,701.0172119140625,2062.994140625,414.3067321777344
2021-09-29,779.5634765625,1536.6839599609375,693.539306640625,2025.3389892578125,428.3683776855469
2021-09-30,764.0150756835938,1537.7445068359375,685.0838623046875,2000.451904296875,421.8497314453125
2021-10-01,765.6097412109375,1525.933837890625,676.7750854492188,1988.531982421875,420.5925598144531
2021-10-04,776.4239501953125,1528.8746337890625,684.448486328125,1985.9384765625,431.3017883300781
2021-10-05,780.011962890625,1538.2264404296875,681.4181518554688,1977.3602294921875,432.7452087402344
2021-10-06,776.3740844726562,1556.9791259765625,673.9891967773438,1950.8271484375,425.7609558105469
2021-10-07,774.5302124023438,1552.73681640625,686.4035034179688,1947.535400390625,426.41278076171875
2021-10-08,779.3641357421875,1545.1683349609375,687.5765991210938,1931.475830078125,426.5058898925781
2021-10-11,784.5469970703125,1575.2012939453125,697.2537841796875,1970.4276123046875,436.9822998046875
2021-10-12,794.5138549804688,1571.1517333984375,692.6594848632812,1990.078125,449.7867736816406
2021-10-13,791.9722900390625,1580.6002197265625,693.9791870117188,2004.2921142578125,448.57623291015625
2021-10-14,799.397705078125,1626.8787841796875,710.9389038085938,2012.7210693359375,456.8641662597656
2021-10-18,810.6104736328125,1610.39208984375,728.6805419921875,2006.536376953125,463.708740234375
2021-10-19,798.9990844726562,1628.1319580078125,730.6356201171875,2030.2266845703125,454.62921142578125
2021-10-20,802.1385498046875,1613.814697265625,729.0715942382812,2010.3768310546875,465.524658203125
2021-10-21,805.128662109375,1616.1767578125,738.5044555664062,2138.353759765625,468.3649597167969
2021-10-22,813.9992065429688,1620.4671630859375,742.2189331054688,2165.93408203125,468.3649597167969
2021-10-25,842.3052978515625,1597.5689697265625,822.765380859375,2149.076904296875,471.67083740234375
2021-10-26,839.1159057617188,1593.4713134765625,810.7420654296875,2205.384521484375,477.3047790527344
2021-10-27,784.895751953125,1583.87841796875,816.2161254882812,2182.74169921875,483.45098876953125
2021-10-28,755.8421630859375,1536.44287109375,780.7326049804688,2093.218017578125,466.8749694824219
2021-10-29,739.5462646484375,1526.07861328125,784.0072631835938,2026.037353515625,467.6199645996094
2021-11-01,749.8619995117188,1547.723388671875,785.8157348632812,2071.273193359375,480.23822021484375
2021-11-02,753.3504638671875,1549.121337890625,782.9320068359375,2071.422607421875,485.82562255859375
2021-11-03,748.1177368164062,1524.7286376953125,768.26953125,2032.42138671875,491.3664855957031
2021-11-04,750.4600219726562,1536.7803955078125,764.506103515625,2051.822265625,493.9739685058594
2021-11-08,748.5662841796875,1542.8544921875,762.5999755859375,2113.5166015625,487.26904296875
2021-11-09,742.5861206054688,1515.8587646484375,768.85595703125,2091.921142578125,492.7633361816406
2021-11-10,746.8719482421875,1499.4683837890625,763.3330688476562,2070.82421875,488.3399658203125
2021-11-11,735.6092529296875,1492.767822265625,754.0956420898438,2048.9296875,474.55767822265625
2021-11-12,733.6159057617188,1497.299072265625,759.1297607421875,2069.477783203125,476.18731689453125
2021-11-15,730.8251953125,1501.396728515625,755.904052734375,2092.02099609375,471.71734619140625
2021-11-16,723.7487182617188,1492.478515625,746.8621215820312,2077.607177734375,461.0547790527344
2021-11-17,709.9942626953125,1475.8953857421875,744.1740112304688,2047.931884765625,463.8949890136719
2021-11-18,704.0140991210938,1484.18701171875,745.738037109375,2019.3541259765625,469.156494140625
2021-11-22,684.130126953125,1460.9993896484375,735.083251953125,1950.52783203125,452.9530029296875
2021-11-23,683.3826293945312,1461.1923828125,734.9365844726562,1977.9088134765625,459.1457214355469
2021-11-24,682.88427734375,1463.602783203125,743.0987548828125,2006.3370361328125,459.23883056640625
2021-11-25,677.651611328125,1471.21923828125,734.1546020507812,2029.9774169921875,456.817626953125
2021-11-26,659.5615844726562,1436.46240234375,705.95361328125,1959.355712890625,438.1463623046875
2021-11-29,648.9468383789062,1447.4052734375,702.2390747070312,2014.5164794921875,433.11767578125
2021-11-30,653.4818115234375,1439.9815673828125,698.2801513671875,1956.9615478515625,428.88055419921875
2021-12-01,677.3525390625,1450.683349609375,711.329833984375,1948.4332275390625,442.61627197265625
2021-12-02,673.8641357421875,1471.0264892578125,706.1490478515625,1959.3056640625,444.19940185546875
2021-12-03,670.7743530273438,1459.2640380859375,700.186279296875,1909.381591796875,440.6141357421875
2021-12-06,660.9071044921875,1449.86376953125,693.588134765625,1880.45458984375,433.3039245605469
2021-12-07,684.7281494140625,1470.978271484375,718.12353515625,1932.27392578125,443.9200439453125
2021-12-08,694.794677734375,1498.070556640625,736.4517822265625,1915.6158447265625,457.74884033203125
2021-12-09,691.6552124023438,1472.0870361328125,738.0157470703125,1911.5262451171875,455.0482482910156
2021-12-10,685.774658203125,1467.9412841796875,740.9482421875,1891.9755859375,460.6822814941406
2021-12-13,701.6719360351562,1456.9501953125,737.0381469726562,1868.3851318359375,454.2567138671875
2021-12-14,708.549072265625,1448.562255859375,741.5836181640625,1835.7674560546875,454.95513916015625
2021-12-15,710.1438598632812,1446.2000732421875,735.3275756835938,1862.6995849609375,451.4630126953125
2021-12-16,707.30322265625,1446.2965087890625,724.477294921875,1856.0662841796875,448.06402587890625
2021-12-17,686.6218872070312,1420.216796875,711.9163208007812,1789.284912109375,435.63201904296875
2021-12-20,672.1199340820312,1374.516845703125,693.9791870117188,1738.1138916015625,418.3110656738281
2021-12-21,663.6480712890625,1390.0875244140625,704.1452026367188,1732.1788330078125,415.3310852050781
2021-12-22,667.136474609375,1393.365478515625,716.3151245117188,1757.9638671875,424.5037841796875
2021-12-23,676.5552368164062,1392.304931640625,714.848876953125,1771.130615234375,430.0445861816406
2021-12-24,665.2926025390625,1387.29150390625,710.7433471679688,1743.9990234375,425.52813720703125
2021-12-27,669.9273071289062,1398.7647705078125,719.443115234375,1768.9859619140625,426.552490234375
2021-12-28,673.2163696289062,1408.406005859375,719.2476806640625,1770.432373046875,429.48590087890625
2021-12-29,668.28271484375,1401.705322265625,719.14990234375,1759.75927734375,423.1534729003906
2021-12-30,666.63818359375,1409.0809326171875,719.14990234375,1750.831787109375,420.6391296386719
2021-12-31,676.3060302734375,1426.3389892578125,723.4998168945312,1791.5789794921875,428.7874755859375
2022-01-03,694.0471801757812,1465.145263671875,747.4974975585938,1819.8575439453125,438.4256896972656
2022-01-04,706.804931640625,1473.72607421875,755.4641723632812,1847.9366455078125,450.25244140625
2022-01-05,724.4962158203125,1508.72412109375,770.322265625,1917.3116455078125,458.5404052734375
2022-01-06,727.8848876953125,1484.5244140625,767.3897094726562,1887.1378173828125,457.8885803222656
2022-01-07,728.1838989257812,1494.93701171875,775.4052124023438,1899.4569091796875,457.469482421875
2022-01-10,740.3435668945312,1503.228515625,792.5115356445312,1943.046630859375,469.01678466796875
2022-01-11,740.7921142578125,1509.736572265625,792.4138793945312,1931.9248046875,471.1586608886719
2022-01-12,744.3801879882812,1500.8182373046875,805.2191772460938,1951.6749267578125,475.1629943847656
2022-01-13,738.2506103515625,1473.19580078125,806.1478271484375,1921.501220703125,476.18731689453125
2022-01-14,719.3134155273438,1489.730712890625,801.553466796875,1933.3212890625,473.39361572265625
2022-01-17,710.2933349609375,1466.928955078125,800.8692626953125,1932.5731201171875,478.6551208496094
2022-01-18,722.8018798828125,1474.40087890625,804.583740234375,1937.2613525390625,471.9501647949219
2022-01-19,727.1871948242188,1463.98828125,790.409912109375,1900.853271484375,480.331298828125
2022-01-20,726.4896240234375,1454.8773193359375,792.0227661132812,1887.8360595703125,476.23388671875
2022-01-21,710.1438598632812,1467.025390625,786.4021606445312,1888.983154296875,468.13214111328125
2022-01-24,702.2699584960938,1433.328857421875,780.48828125,1826.2913818359375,460.1700744628906
2022-01-25,749.7125854492188,1434.6787109375,783.6163330078125,1849.981689453125,479.26043701171875
2022-01-27,771.2909545898438,1422.048583984375,776.7738037109375,1884.4945068359375,492.5770568847656
2022-01-28,762.1712036132812,1410.76806640625,763.5775146484375,1893.5218505859375,487.45526123046875
2022-01-31,770.4935302734375,1432.4129638671875,771.055419921875,1852.5750732421875,501.28411865234375
2022-02-01,779.3143310546875,1443.3076171875,792.07177734375,1877.56201171875,495.6966857910156
2022-02-02,801.44091796875,1476.281005859375,795.444091796875,1937.7100830078125,502.68096923828125
2022-02-03,796.9059448242188,1460.9993896484375,790.7520751953125,1904.2447509765625,502.9603576660156
2022-02-04,795.9092407226562,1469.33935546875,786.9398193359375,1879.4571533203125,493.834228515625
2022-02-07,786.9888305664062,1415.4925537109375,768.7094116210938,1823.847412109375,496.5813903808594
2022-02-08,795.9092407226562,1409.4183349609375,774.672119140625,1813.2244873046875,494.81201171875
2022-02-09,801.1917114257812,1443.8861083984375,784.7404174804688,1830.381103515625,498.44390869140625
2022-02-10,807.1220703125,1470.3997802734375,787.3796997070312,1862.4998779296875,503.3793640136719
2022-02-11,801.1419067382812,1464.3739013671875,773.0103759765625,1823.64794921875,493.1823425292969
2022-02-14,770.7925415039062,1420.8433837890625,736.7449951171875,1742.452880859375,466.9215393066406
2022-02-15,794.3145141601562,1463.361572265625,758.5921630859375,1808.5362548828125,488.71240234375
2022-02-16,794.4142456054688,1461.3851318359375,746.8621215820312,1825.4434814453125,481.1694030761719
2022-02-17,780.2113647460938,1452.4669189453125,733.4703369140625,1812.7255859375,477.67730712890625
2022-02-18,784.7962036132812,1458.1070556640625,732.0530395507812,1821.9522705078125,479.8656921386719
2022-02-21,786.2413330078125,1467.50732421875,737.4780883789062,1822.5009765625,476.6529541015625
2022-02-22,776.573486328125,1456.516357421875,734.3989868164062,1837.1141357421875,464.1278076171875
2022-02-23,774.6298217773438,1447.06787109375,727.8496704101562,1881.3524169921875,464.4071960449219
2022-02-24,727.8848876953125,1368.490966796875,691.486572265625,1790.33203125,440.14849853515625
2022-02-25,755.5431518554688,1403.8746337890625,713.626953125,1852.0263671875,449.740234375
2022-02-28,739.9449462890625,1375.09521484375,725.992431640625,1838.111572265625,449.9730224609375
2022-03-02,747.7689208984375,1324.9603271484375,698.7689208984375,1801.4541015625,441.63848876953125
2022-03-03,735.2106323242188,1321.826904296875,682.5912475585938,1787.73876953125,435.259521484375
2022-03-04,712.635498046875,1317.4884033203125,672.5718383789062,1747.7396240234375,430.1842956542969
2022-03-07,665.3424072265625,1277.2840576171875,639.0433959960938,1707.5909423828125,410.0230407714844
2022-03-08,668.1830444335938,1280.1763916015625,650.0403442382812,1718.7626953125,410.0230407714844
2022-03-09,671.970458984375,1321.971435546875,652.4352416992188,1734.722412109375,420.6391296386719
2022-03-10,692.65185546875,1342.7484130859375,661.3793334960938,1749.9339599609375,436.4701232910156
2022-03-11,688.5653686523438,1346.7015380859375,662.6502075195312,1758.5623779296875,438.0066833496094
2022-03-14,707.701904296875,1390.810546875,680.4895629882812,1784.24755859375,451.7889404296875
2022-03-15,695.8412475585938,1372.9259033203125,681.66259765625,1729.385986328125,452.4408264160156
2022-03-16,721.4562377929688,1396.209716796875,692.072998046875,1756.068603515625,458.8663635253906
2022-03-17,736.8053588867188,1426.9656982421875,703.9008178710938,1815.4188232421875,467.3871765136719
2022-03-21,723.49951171875,1433.1842041015625,694.7611694335938,1772.626708984375,456.8641662597656
2022-03-22,728.9813232421875,1440.5599365234375,702.0435791015625,1803.2994384765625,459.75103759765625
2022-03-23,724.3466796875,1426.1943359375,702.141357421875,1765.2952880859375,456.9107666015625
2022-03-24,719.861572265625,1390.906982421875,688.3585815429688,1709.835205078125,453.6048583984375
2022-03-25,718.8648681640625,1379.578369140625,683.5198364257812,1717.9149169921875,456.95733642578125
2022-03-28,733.5660400390625,1381.4102783203125,694.3701782226562,1720.857421875,463.2897033691406
2022-03-29,735.3601684570312,1399.728759765625,699.2088012695312,1725.645263671875,460.9616394042969
2022-03-30,747.9683227539062,1423.976806640625,714.4578857421875,1758.6619873046875,460.30975341796875
