Date,BRITANNIA.NS,DABUR.NS,HINDUNILVR.NS,ITC.NS,NESTLEIND.NS
2019-04-01,2744.547607421875,381.0926513671875,1542.3499755859375,228.5369873046875,1005.7948608398438
2019-04-02,2694.468017578125,382.0906066894531,1539.7489013671875,229.03675842285156,993.9677124023438
2019-04-03,2690.778564453125,383.46881103515625,1524.827392578125,227.69126892089844,1013.9590454101562
2019-04-04,2737.303466796875,384.98956298828125,1520.948974609375,226.65333557128906,1010.0982666015625
2019-04-05,2694.33349609375,380.5223388671875,1514.1494140625,226.46115112304688,1011.8397216796875
2019-04-08,2674.040771484375,381.2351379394531,1519.443115234375,225.0772247314453,999.8468627929688
2019-04-09,2666.301513671875,383.6588439941406,1533.68017578125,227.8065948486328,994.2672119140625
2019-04-10,2662.612060546875,383.32623291015625,1546.1375732421875,226.5764923095703,996.2852783203125
2019-04-11,2651.138427734375,383.7064208984375,1560.9677734375,227.8834686279297,991.876220703125
2019-04-12,2685.559326171875,387.12811279296875,1571.23486328125,235.0721435546875,1011.1990966796875
2019-04-15,2698.292724609375,385.6549072265625,1571.5999755859375,234.87997436523438,1010.8582763671875
2019-04-16,2718.1357421875,388.743896484375,1586.65869140625,236.18692016601562,1027.969970703125
2019-04-18,2697.6630859375,384.89453125,1587.8905029296875,234.03419494628906,1009.4160766601562
2019-04-22,2699.82275390625,383.56378173828125,1587.8448486328125,232.03521728515625,1002.5466918945312
2019-04-23,2691.5888671875,383.0885925292969,1591.8148193359375,233.2653350830078,1005.3387451171875
2019-04-24,2680.070068359375,378.9065856933594,1599.480712890625,235.61033630371094,998.2620849609375
2019-04-25,2672.015869140625,375.5323181152344,1582.6883544921875,233.84197998046875,999.464599609375
2019-04-26,2670.62109375,378.2411804199219,1594.689697265625,234.14952087402344,1010.9644775390625
2019-04-30,2606.143798828125,378.38372802734375,1604.13525390625,231.6892547607422,1007.1824340820312
2019-05-02,2504.455322265625,363.2236633300781,1572.9688720703125,234.49549865722656,978.0343017578125
2019-05-03,2426.25439453125,361.3702392578125,1545.58984375,233.91888427734375,968.4290161132812
2019-05-06,2399.12255859375,359.04156494140625,1523.0933837890625,236.03318786621094,959.2935180664062
2019-05-07,2385.21923828125,356.90301513671875,1549.1949462890625,232.1121368408203,969.761962890625
2019-05-08,2384.274169921875,349.06158447265625,1541.16357421875,231.15106201171875,953.2166748046875
2019-05-09,2404.881591796875,349.109130859375,1554.8988037109375,230.53599548339844,959.1268310546875
2019-05-10,2419.4150390625,351.4853210449219,1540.0225830078125,228.92141723632812,946.996826171875
2019-05-13,2408.616455078125,345.16473388671875,1553.3016357421875,222.42477416992188,953.3743286132812
2019-05-14,2427.5595703125,350.3448181152344,1550.107421875,226.30735778808594,943.9886474609375
2019-05-15,2418.695556640625,345.54486083984375,1525.0557861328125,228.38323974609375,950.4586181640625
2019-05-16,2444.29736328125,343.1686706542969,1540.7073974609375,226.6149139404297,951.5693969726562
2019-05-17,2501.035888671875,351.722900390625,1585.061279296875,231.7276611328125,968.7020874023438
2019-05-20,2520.78857421875,363.4613037109375,1617.6424560546875,236.03318786621094,996.7015991210938
2019-05-21,2563.53369140625,363.9840393066406,1629.278564453125,235.18751525878906,981.9893798828125
2019-05-22,2567.087890625,366.55035400390625,1613.8094482421875,234.87399291992188,990.4446411132812
2019-05-23,2554.534423828125,366.3602294921875,1600.62158203125,225.82388305664062,999.3765869140625
2019-05-24,2565.648193359375,379.2867126464844,1596.7430419921875,227.58682250976562,986.696044921875
2019-05-27,2606.59326171875,380.2846984863281,1617.140380859375,227.90032958984375,1021.5172729492188
2019-05-28,2597.99951171875,378.38372802734375,1621.6578369140625,226.37234497070312,1027.899169921875
2019-05-29,2624.99658203125,379.2391357421875,1625.2625732421875,225.7454833984375,1037.2291259765625
2019-05-30,2598.13427734375,376.7203674316406,1628.365966796875,226.17640686035156,1047.8272705078125
2019-05-31,2629.451171875,376.3402404785156,1632.244384765625,218.26243591308594,1064.2662353515625
2019-06-03,2672.87060546875,388.5538024902344,1678.97119140625,218.26243591308594,1081.6998291015625
2019-06-04,2666.48193359375,385.4647521972656,1656.9769287109375,218.81089782714844,1069.2874755859375
2019-06-06,2610.913330078125,382.99359130859375,1677.191650390625,216.06842041015625,1074.0032958984375
2019-06-07,2609.068359375,384.134033203125,1670.8033447265625,215.67662048339844,1064.79833984375
2019-06-10,2694.558349609375,389.0290222167969,1690.653076171875,218.92845153808594,1082.8057861328125
2019-06-11,2681.9599609375,389.45672607421875,1679.0626220703125,219.28103637695312,1075.822265625
2019-06-12,2696.898193359375,388.743896484375,1685.724853515625,219.3594207763672,1082.537353515625
2019-06-13,2685.78466796875,388.7914733886719,1684.2646484375,219.8686981201172,1074.9703369140625
2019-06-14,2667.381591796875,380.7124328613281,1663.6845703125,217.8706512451172,1063.4237060546875
2019-06-17,2608.978271484375,380.9975280761719,1659.212890625,215.4807586669922,1062.66943359375
2019-06-18,2580.226806640625,368.49884033203125,1651.5008544921875,215.5591278076172,1060.517333984375
2019-06-19,2587.83056640625,363.03363037109375,1653.417724609375,217.2046356201172,1074.781005859375
2019-06-20,2550.350341796875,368.5938415527344,1659.2547607421875,217.0478973388672,1084.62451171875
2019-06-21,2543.73583984375,373.1561279296875,1623.9561767578125,214.89309692382812,1073.7811279296875
2019-06-24,2502.160888671875,372.91851806640625,1621.933837890625,216.46022033691406,1084.064697265625
2019-06-25,2526.637939453125,374.77191162109375,1614.5802001953125,218.22323608398438,1083.4952392578125
2019-06-26,2459.325439453125,374.7244567871094,1618.7625732421875,217.36129760742188,1092.44140625
2019-06-27,2453.026123046875,381.2351379394531,1631.080322265625,214.30540466308594,1092.4737548828125
2019-06-28,2469.04443359375,380.6648864746094,1643.2139892578125,214.57965087890625,1102.632080078125
2019-07-01,2463.51025390625,381.8529968261719,1636.4114990234375,215.44158935546875,1098.573486328125
2019-07-02,2492.036865234375,382.7083740234375,1644.6845703125,214.57965087890625,1107.4683837890625
2019-07-03,2514.93896484375,387.4608459472656,1640.5482177734375,216.81285095214844,1093.9825439453125
2019-07-04,2556.919189453125,382.99359130859375,1648.729248046875,217.5571746826172,1100.0264892578125
2019-07-05,2542.071044921875,387.12811279296875,1646.707275390625,218.96763610839844,1106.732666015625
2019-07-08,2502.745361328125,381.4727783203125,1611.9144287109375,217.40049743652344,1092.34423828125
2019-07-09,2486.09716796875,386.130126953125,1599.688232421875,213.9919891357422,1081.755126953125
2019-07-10,2492.306396484375,389.45672607421875,1579.787109375,214.03115844726562,1069.111328125
2019-07-11,2488.347412109375,388.98150634765625,1591.09375,215.99008178710938,1065.0714111328125
2019-07-12,2502.2509765625,387.50823974609375,1574.8233642578125,215.51991271972656,1080.3759765625
2019-07-15,2495.95166015625,390.3597717285156,1578.2703857421875,212.30731201171875,1063.00244140625
2019-07-16,2472.14892578125,403.9514465332031,1600.6536865234375,213.0908966064453,1083.7545166015625
2019-07-17,2517.728759765625,409.796875,1618.4869384765625,213.8352813720703,1082.528076171875
2019-07-18,2538.471923828125,407.6583251953125,1598.6773681640625,213.91360473632812,1073.3970947265625
2019-07-19,2473.94873046875,399.38922119140625,1581.44189453125,210.23085021972656,1068.7967529296875
2019-07-22,2460.765625,400.5298156738281,1544.948486328125,207.17494201660156,1046.3648681640625
2019-07-23,2456.895751953125,402.76336669921875,1556.5767822265625,212.07223510742188,1061.734375
2019-07-24,2377.030029296875,400.10205078125,1589.0255126953125,212.22898864746094,1062.581298828125
2019-07-25,2404.117431640625,401.90802001953125,1596.379150390625,209.8782501220703,1063.97900390625
2019-07-26,2401.326904296875,406.9454650878906,1590.8641357421875,211.87635803222656,1075.85009765625
2019-07-29,2404.7919921875,406.7078552246094,1574.91552734375,209.79991149902344,1075.5721435546875
2019-07-30,2355.072998046875,402.0030822753906,1580.9822998046875,210.7010040283203,1067.8248291015625
2019-07-31,2344.22900390625,405.3296813964844,1587.18701171875,211.71963500976562,1080.7230224609375
2019-08-01,2354.094482421875,404.33172607421875,1591.46142578125,209.6431884765625,1068.7918701171875
2019-08-02,2348.21142578125,405.377197265625,1597.11474609375,207.2532958984375,1056.25048828125
2019-08-05,2333.684814453125,408.32366943359375,1600.5618896484375,203.570556640625,1084.1385498046875
2019-08-06,2308.5224609375,412.0304870605469,1603.2275390625,202.86534118652344,1095.6854248046875
2019-08-07,2299.471435546875,410.7429504394531,1633.7000732421875,198.7516326904297,1090.1226806640625
2019-08-08,2333.00537109375,415.2733459472656,1657.4622802734375,201.96421813964844,1095.935302734375
2019-08-09,2342.55419921875,418.754638671875,1692.62255859375,199.18255615234375,1127.2384033203125
2019-08-13,2273.5400390625,409.40765380859375,1677.363525390625,192.99240112304688,1117.853759765625
2019-08-14,2243.67138671875,411.7921142578125,1690.5086669921875,194.91212463378906,1131.3035888671875
2019-08-16,2262.271484375,408.2631530761719,1680.948486328125,198.2423095703125,1128.2816162109375
2019-08-19,2243.21923828125,412.12591552734375,1673.8243408203125,197.1061553955078,1134.1279296875
2019-08-20,2166.37548828125,411.7921142578125,1694.5072021484375,193.1491241455078,1125.02978515625
2019-08-21,2158.2294921875,407.309326171875,1700.5740966796875,189.1920928955078,1183.707275390625
2019-08-22,2209.1416015625,407.73858642578125,1720.8887939453125,188.09510803222656,1172.0430908203125
2019-08-23,2232.583984375,404.7818908691406,1709.7662353515625,185.00001525878906,1169.096435546875
2019-08-26,2293.406982421875,415.7026062011719,1724.9794921875,190.01486206054688,1164.65087890625
2019-08-27,2431.02880859375,419.8038024902344,1711.05322265625,192.36553955078125,1172.2640380859375
2019-08-28,2446.5966796875,414.7011413574219,1680.44287109375,192.71815490722656,1176.498291015625
2019-08-29,2422.837646484375,422.3790283203125,1684.9010009765625,188.99618530273438,1195.244384765625
2019-08-30,2445.2841796875,428.053955078125,1729.8975830078125,192.4830780029297,1210.1275634765625
2019-09-03,2450.896240234375,422.56976318359375,1693.082275390625,189.2704620361328,1192.81005859375
2019-09-04,2385.3662109375,421.759033203125,1697.4483642578125,190.60255432128906,1173.053466796875
2019-09-05,2424.466552734375,418.6593017578125,1681.95947265625,191.38609313964844,1185.403564453125
2019-09-06,2414.82763671875,420.9006652832031,1672.2156982421875,191.11183166503906,1185.57275390625
2019-09-09,2428.13232421875,423.7142639160156,1685.912353515625,192.36553955078125,1206.475830078125
2019-09-11,2413.379150390625,428.3400573730469,1676.94970703125,190.99432373046875,1199.201171875
2019-09-12,2422.972900390625,429.38922119140625,1659.576416015625,188.64361572265625,1180.2105712890625
2019-09-13,2420.80078125,431.2967834472656,1659.7142333984375,187.97755432128906,1192.6549072265625
2019-09-16,2457.412353515625,433.7288818359375,1669.595947265625,187.58578491210938,1206.908203125
2019-09-17,2436.95703125,430.8199157714844,1683.2923583984375,185.86195373535156,1199.69921875
2019-09-18,2365.815673828125,438.7362365722656,1681.4539794921875,187.46826171875,1209.544677734375
2019-09-19,2373.011474609375,437.3532409667969,1666.3323974609375,185.4701690673828,1193.1812744140625
2019-09-20,2594.94384765625,425.0972595214844,1810.651611328125,186.5279998779297,1268.7955322265625
2019-09-23,2763.88232421875,420.4237365722656,1874.99755859375,199.69190979003906,1288.8902587890625
2019-09-24,2787.912841796875,431.01068115234375,1884.8336181640625,200.59298706054688,1262.338134765625
2019-09-25,2747.906982421875,424.9541931152344,1885.7987060546875,193.9718780517578,1264.9512939453125
2019-09-26,2799.317138671875,426.5279235839844,1870.079833984375,196.20501708984375,1309.6993408203125
2019-09-27,2728.990234375,426.4325866699219,1848.47802734375,198.20310974121094,1291.4937744140625
2019-09-30,2664.772705078125,426.5755920410156,1821.8660888671875,203.6097412109375,1305.4744873046875
2019-10-01,2642.507080078125,419.3268737792969,1829.5416259765625,200.5146484375,1285.91552734375
2019-10-03,2627.482421875,413.6042785644531,1803.57373046875,205.0201416015625,1288.575439453125
2019-10-04,2575.1669921875,406.0217590332031,1787.165283203125,201.5724334716797,1263.3062744140625
2019-10-07,2673.099609375,412.5550842285156,1783.3504638671875,197.38035583496094,1278.5655517578125
2019-10-09,2768.271728515625,423.28509521484375,1790.65869140625,193.61924743652344,1302.52783203125
2019-10-10,2749.490966796875,419.0884094238281,1809.732421875,190.56333923339844,1298.914306640625
2019-10-11,2789.49658203125,425.0018615722656,1842.73291015625,191.15101623535156,1318.8917236328125
2019-10-14,2814.568115234375,433.9673767089844,1851.557373046875,191.26856994628906,1331.7303466796875
2019-10-15,2879.23828125,429.1985168457031,1897.6566162109375,194.01104736328125,1324.0045166015625
2019-10-16,2875.301025390625,435.0165100097656,1903.7236328125,190.9159393310547,1348.8834228515625
2019-10-17,2939.654052734375,441.0252685546875,1933.9205322265625,192.63980102539062,1364.4244384765625
2019-10-18,2943.72705078125,444.9356994628906,1936.6778564453125,193.1491241455078,1394.36962890625
2019-10-22,2939.835205078125,450.75384521484375,1955.5224609375,195.0296630859375,1411.7149658203125
2019-10-23,2982.05810546875,449.94305419921875,1971.1376953125,196.71435546875,1408.2373046875
2019-10-24,2972.192626953125,448.08319091796875,1971.230712890625,195.14720153808594,1378.4427490234375
2019-10-25,2957.077392578125,444.0296936035156,1982.0872802734375,194.0894012451172,1391.3524169921875
2019-10-27,2949.836669921875,447.6062927246094,1977.14404296875,196.20501708984375,1392.296875
2019-10-29,3034.37353515625,444.3157958984375,1996.039794921875,198.4381866455078,1381.614990234375
2019-10-30,2977.894775390625,439.07000732421875,2004.54052734375,203.25709533691406,1406.8089599609375
2019-10-31,2956.625,440.5960693359375,2010.0386962890625,201.88589477539062,1404.8536376953125
2019-11-01,2958.3896484375,442.4082336425781,2013.73486328125,204.74588012695312,1406.0567626953125
2019-11-04,2932.413330078125,439.11773681640625,1994.1453857421875,204.31494140625,1392.2919921875
2019-11-05,2925.081787109375,459.0993347167969,2007.0816650390625,205.99960327148438,1376.9576416015625
2019-11-06,2921.5517578125,454.52117919921875,2013.8267822265625,204.7851104736328,1376.906005859375
2019-11-07,2917.88623046875,455.6180114746094,1975.7578125,208.31114196777344,1382.69580078125
2019-11-08,2858.329833984375,451.7552185058594,1927.8477783203125,204.11904907226562,1360.143310546875
2019-11-11,2823.52880859375,455.379638671875,1923.1820068359375,203.29629516601562,1326.0394287109375
2019-11-13,2959.475830078125,443.75714111328125,1932.098388671875,198.9083251953125,1337.7694091796875
2019-11-14,2924.221923828125,442.4657897949219,1911.8167724609375,198.947509765625,1337.5904541015625
2019-11-15,2892.31689453125,441.6527099609375,1901.3289794921875,196.40093994140625,1343.6246337890625
2019-11-18,2842.852783203125,435.3392639160156,1899.9429931640625,196.47926330566406,1323.88720703125
2019-11-19,2824.252685546875,434.0,1882.895263671875,195.3430938720703,1326.852294921875
2019-11-20,2820.587158203125,448.4443664550781,1872.500244140625,196.44007873535156,1337.3367919921875
2019-11-21,2781.079345703125,444.09197998046875,1892.966796875,192.5222625732422,1332.7125244140625
2019-11-22,2735.82373046875,443.6614990234375,1874.2095947265625,194.05018615722656,1331.9654541015625
2019-11-25,2752.070556640625,449.20965576171875,1905.672119140625,194.1285858154297,1361.60009765625
2019-11-26,2765.330322265625,442.6571044921875,1901.929931640625,195.22557067871094,1365.134033203125
2019-11-27,2797.7783203125,448.92266845703125,1934.177490234375,193.50172424316406,1368.73388671875
2019-11-28,2804.25,446.005126953125,1928.5408935546875,193.3058319091797,1377.8369140625
2019-11-29,2767.5478515625,439.16558837890625,1880.6314697265625,193.0707550048828,1358.5125732421875
2019-12-02,2785.0166015625,434.0478515625,1887.9310302734375,191.93460083007812,1368.25927734375
2019-12-03,2759.039794921875,431.4651184082031,1874.302001953125,191.22933959960938,1349.0711669921875
2019-12-04,2759.899658203125,437.9219970703125,1892.3660888671875,190.52415466308594,1344.6304931640625
2019-12-05,2790.3564453125,445.86163330078125,1882.6180419921875,193.50172424316406,1343.0701904296875
2019-12-06,2778.318603515625,443.6614990234375,1872.08447265625,190.68087768554688,1331.4765625
2019-12-09,2768.18115234375,445.1441650390625,1855.5447998046875,189.1920928955078,1337.698486328125
2019-12-10,2769.041015625,437.06109619140625,1871.4373779296875,184.6082305908203,1329.603271484375
2019-12-11,2752.432373046875,431.7999572753906,1857.669677734375,186.1753692626953,1327.17822265625
2019-12-12,2781.893798828125,437.8263854980469,1854.805419921875,186.91978454589844,1335.571044921875
2019-12-13,2764.56103515625,440.0265197753906,1853.7427978515625,189.30963134765625,1349.408203125
2019-12-16,2761.39306640625,439.5481872558594,1824.6827392578125,185.6268768310547,1335.2596435546875
2019-12-17,2780.4453125,440.6004333496094,1812.301025390625,188.87867736816406,1335.0240478515625
2019-12-18,2805.109619140625,442.70489501953125,1781.99365234375,192.09129333496094,1338.981689453125
2019-12-19,2817.373779296875,440.0265197753906,1802.8299560546875,191.46444702148438,1347.8795166015625
2019-12-20,2825.972412109375,439.8351135253906,1795.4378662109375,188.95704650878906,1401.929931640625
2019-12-23,2798.411865234375,440.9830017089844,1802.1832275390625,187.19398498535156,1371.1944580078125
2019-12-24,2797.733154296875,437.8263854980469,1798.4871826171875,187.07647705078125,1376.241943359375
2019-12-26,2771.71142578125,437.7306823730469,1797.1473388671875,185.5485076904297,1377.492431640625
2019-12-27,2753.428466796875,439.8351135253906,1801.72119140625,185.6268768310547,1383.6162109375
2019-12-30,2758.18017578125,442.5136413574219,1790.0325927734375,186.64549255371094,1401.330810546875
2019-12-31,2740.485107421875,438.4959716796875,1776.8653564453125,186.25372314453125,1395.052001953125
2020-01-01,2751.21044921875,439.8351135253906,1789.3858642578125,186.56715393066406,1394.457275390625
2020-01-02,2763.65576171875,439.9786682128906,1790.771728515625,187.9384002685547,1389.767822265625
2020-01-03,2750.44140625,435.81756591796875,1780.977294921875,186.88059997558594,1376.958984375
2020-01-06,2735.280517578125,428.5475158691406,1769.8890380859375,184.2164764404297,1360.263671875
2020-01-07,2748.4501953125,433.8086853027344,1774.7401123046875,184.41233825683594,1348.38427734375
2020-01-08,2736.683837890625,436.8219299316406,1782.7327880859375,183.51123046875,1357.8668212890625
2020-01-09,2716.31884765625,440.69610595703125,1787.9998779296875,184.76495361328125,1381.662841796875
2020-01-10,2706.045654296875,446.5790710449219,1805.509765625,186.48878479003906,1385.6634521484375
2020-01-13,2756.143310546875,457.91448974609375,1843.2552490234375,187.46826171875,1383.0592041015625
2020-01-14,2810.4951171875,461.6930236816406,1856.1453857421875,190.60255432128906,1402.9066162109375
2020-01-15,2818.68603515625,469.2499694824219,1868.0186767578125,189.93649291992188,1402.1141357421875
2020-01-16,2851.315673828125,466.4281005859375,1893.5211181640625,188.64361572265625,1448.79052734375
2020-01-17,2827.9638671875,468.3890380859375,1903.7315673828125,188.01675415039062,1456.768310546875
2020-01-20,2815.2919921875,464.94537353515625,1906.087890625,189.54470825195312,1454.673583984375
2020-01-21,2816.01611328125,465.8541259765625,1899.2037353515625,186.8413848876953,1441.7943115234375
2020-01-22,2811.58154296875,465.662841796875,1895.7850341796875,186.5279998779297,1467.0762939453125
2020-01-23,2817.554931640625,468.5325622558594,1900.58984375,186.41043090820312,1467.090576171875
2020-01-24,2889.556396484375,478.7679748535156,1916.1129150390625,186.60633850097656,1486.588623046875
2020-01-27,2872.992919921875,471.7849426269531,1904.7020263671875,183.82467651367188,1478.1488037109375
2020-01-28,2879.373779296875,467.1933288574219,1904.0087890625,180.80792236328125,1454.6170654296875
2020-01-29,2909.197021484375,470.2544250488281,1916.5753173828125,185.4309539794922,1497.0855712890625
2020-01-30,2906.029296875,457.96234130859375,1901.6988525390625,183.3937225341797,1464.4439697265625
2020-01-31,2896.97802734375,474.22418212890625,1879.661376953125,184.25563049316406,1449.219970703125
2020-02-03,2923.54345703125,475.419921875,2013.3651123046875,162.66836547851562,1538.058837890625
2020-02-04,2925.760498046875,481.4941711425781,1991.7896728515625,168.97610473632812,1552.645751953125
2020-02-05,2946.9853515625,488.9555358886719,1996.13232421875,169.60293579101562,1545.9700927734375
2020-02-06,2943.59130859375,487.5206604003906,1992.52880859375,167.3306121826172,1536.5443115234375
2020-02-07,2942.866943359375,491.34698486328125,1995.8087158203125,167.21307373046875,1540.5875244140625
2020-02-10,2856.15771484375,490.5816650390625,1995.2083740234375,164.9799346923828,1525.906005859375
2020-02-11,2837.24072265625,486.8031921386719,1989.0633544921875,166.58621215820312,1509.3892822265625
2020-02-12,2839.141845703125,497.32562255859375,2088.579345703125,166.9387969970703,1537.747314453125
2020-02-13,2837.693603515625,490.438232421875,2109.87744140625,166.0377197265625,1548.5506591796875
2020-02-14,2802.8017578125,484.12481689453125,2083.681884765625,162.74671936035156,1543.290771484375
2020-02-17,2791.44287109375,479.1984558105469,2081.417724609375,160.4744110107422,1565.180419921875
2020-02-18,2775.467529296875,482.6421203613281,2064.600830078125,159.73001098632812,1547.762939453125
2020-02-19,2789.76806640625,485.9900817871094,2117.962646484375,161.96316528320312,1583.73046875
2020-02-20,2769.08642578125,484.172607421875,2077.399169921875,162.5508270263672,1560.56201171875
2020-02-24,2748.088134765625,479.2461853027344,2046.8140869140625,159.06396484375,1541.47900390625
2020-02-25,2745.689453125,478.5287780761719,2063.862060546875,158.1237030029297,1545.5599365234375
2020-02-26,2752.74951171875,480.15496826171875,2066.264404296875,155.61630249023438,1532.3172607421875
2020-02-27,2738.901123046875,484.36395263671875,2083.58984375,154.7935333251953,1534.5440673828125
2020-02-28,2688.35107421875,474.5589599609375,2009.484130859375,154.7935333251953,1488.7919921875
2020-03-02,2669.253173828125,477.57220458984375,1995.346923828125,153.030517578125,1520.0323486328125
2020-03-03,2739.308349609375,484.6031494140625,2001.9996337890625,151.89437866210938,1543.56884765625
2020-03-04,2772.389892578125,492.06439208984375,2010.500732421875,146.918701171875,1560.7508544921875
2020-03-05,2830.407958984375,495.4603271484375,2049.447509765625,147.3496551513672,1564.0341796875
2020-03-06,2788.9990234375,478.8157958984375,2022.5587158203125,142.4132080078125,1550.164306640625
2020-03-09,2712.155029296875,462.1712646484375,1960.2806396484375,138.84796142578125,1512.6163330078125
2020-03-11,2759.039794921875,466.81072998046875,1991.235107421875,137.6334228515625,1514.2391357421875
2020-03-12,2543.940673828125,435.4826965332031,1899.7119140625,122.07963562011719,1468.66650390625
2020-03-13,2501.355712890625,431.03460693359375,1878.691162109375,127.13362884521484,1414.531005859375
2020-03-16,2451.936767578125,412.7640075683594,1794.329345703125,115.3801498413086,1358.4281005859375
2020-03-17,2431.119384765625,411.7117004394531,1851.7562255859375,116.86894226074219,1371.99609375
2020-03-18,2264.5341796875,396.5499572753906,1777.6046142578125,118.08345031738281,1277.246337890625
2020-03-19,2098.17529296875,400.66326904296875,1698.6019287109375,126.8202133178711,1237.9481201171875
2020-03-20,2233.624755859375,425.0560607910156,1895.7850341796875,137.5159149169922,1334.6795654296875
2020-03-23,1934.984619140625,378.8532409667969,1727.6158447265625,120.90430450439453,1221.3748779296875
2020-03-24,2140.307861328125,383.77960205078125,1873.74755859375,117.29989624023438,1271.7310791015625
2020-03-25,2218.781005859375,387.6059875488281,1929.465087890625,115.4585189819336,1362.8533935546875
2020-03-26,2342.826171875,407.4549560546875,2028.1025390625,122.54978942871094,1407.7230224609375
2020-03-27,2289.243408203125,404.633056640625,1977.88330078125,127.87803649902344,1425.5513916015625
2020-03-30,2239.010009765625,408.9854736328125,2018.3546142578125,124.74378204345703,1477.4505615234375
2020-03-31,2433.789306640625,430.50848388671875,2123.829833984375,134.53831481933594,1538.02099609375
2020-04-01,2321.46533203125,415.968505859375,2014.011962890625,130.3854522705078,1477.063720703125
2020-04-03,2320.01708984375,409.2246398925781,1990.403564453125,139.39646911621094,1425.1785888671875
2020-04-07,2565.527587890625,456.814453125,2259.1044921875,142.25650024414062,1607.6585693359375
2020-04-08,2512.17138671875,467.0976867675781,2273.842529296875,139.98414611816406,1591.86376953125
2020-04-09,2535.84033203125,464.2757568359375,2191.975341796875,145.1556854248047,1588.8870849609375
2020-04-13,2449.357177734375,458.9667663574219,2168.13623046875,142.29566955566406,1566.265625
2020-04-15,2568.107421875,481.0159606933594,2298.513671875,148.3682861328125,1634.7615966796875
2020-04-16,2567.609619140625,481.6376953125,2250.97314453125,146.01759338378906,1688.48193359375
2020-04-17,2563.40087890625,468.81951904296875,2203.7568359375,147.3888397216797,1634.6109619140625
2020-04-20,2564.170166015625,471.45013427734375,2158.988525390625,141.59043884277344,1601.7850341796875
2020-04-21,2591.549560546875,476.56787109375,2141.29345703125,140.72853088378906,1605.4600830078125
2020-04-22,2672.46630859375,480.8724365234375,2204.8193359375,142.8049774169922,1664.5914306640625
2020-04-23,2667.71435546875,477.3330993652344,2141.3857421875,141.47293090820312,1645.1549072265625
2020-04-24,2771.57568359375,477.3808898925781,2109.600341796875,141.0811309814453,1642.3238525390625
2020-04-27,2934.404296875,470.3978576660156,2144.112060546875,140.9243927001953,1693.7232666015625
2020-04-28,2890.86865234375,466.3802490234375,2115.929443359375,140.61097717285156,1657.760498046875
2020-04-29,2888.90087890625,457.4841003417969,2062.15234375,142.7266082763672,1650.216796875
2020-04-30,2897.091552734375,468.05426025390625,2028.195068359375,142.6482696533203,1691.255859375
2020-05-04,2830.469482421875,448.3965759277344,1924.3828125,136.37974548339844,1647.07958984375
2020-05-05,2725.961181640625,432.8521423339844,1886.3602294921875,136.26219177246094,1643.7818603515625
2020-05-06,2734.151611328125,435.9131774902344,1857.438720703125,128.42652893066406,1633.195556640625
2020-05-07,2667.94189453125,422.71234130859375,1840.668212890625,126.1541976928711,1617.45263671875
2020-05-08,2740.51171875,427.3996276855469,1930.6663818359375,123.9993896484375,1679.773193359375
2020-05-11,2794.779296875,427.1604919433594,1892.3660888671875,124.15609741210938,1657.0479736328125
2020-05-12,2843.60205078125,423.9081115722656,1858.6861572265625,129.32765197753906,1647.5985107421875
2020-05-13,2818.20703125,424.7690124511719,1844.0869140625,129.60186767578125,1558.0003662109375
2020-05-14,2854.034423828125,438.68731689453125,1853.6041259765625,128.3482208251953,1532.5390625
2020-05-15,2860.394775390625,424.62554931640625,1877.6748046875,129.01422119140625,1551.5321044921875
2020-05-18,2845.6611328125,417.16424560546875,1852.8648681640625,129.09255981445312,1532.336181640625
2020-05-19,2840.582275390625,418.1208190917969,1825.4219970703125,133.7939453125,1523.8397216796875
2020-05-20,2862.407958984375,420.56005859375,1839.559326171875,137.71180725097656,1538.28515625
2020-05-21,2846.942138671875,421.03839111328125,1821.125244140625,148.0548858642578,1537.5350341796875
2020-05-22,2898.3271484375,412.955322265625,1836.83349609375,146.01759338378906,1529.9583740234375
2020-05-26,2895.35302734375,414.29449462890625,1827.5009765625,150.20968627929688,1571.473876953125
2020-05-27,2947.011962890625,410.3247375488281,1846.25830078125,150.56228637695312,1577.2628173828125
2020-05-28,3041.225830078125,428.9301452636719,1857.207763671875,149.38690185546875,1602.98828125
2020-05-29,3092.107421875,446.1964111328125,1901.006103515625,154.63682556152344,1655.0382080078125
2020-06-01,3143.3544921875,448.8748474121094,1948.3148193359375,157.1442413330078,1621.3209228515625
2020-06-02,3158.13427734375,440.8395690917969,1947.252197265625,154.55850219726562,1605.375244140625
2020-06-03,3212.401611328125,443.23101806640625,1959.3570556640625,154.1274871826172,1642.465576171875
2020-06-04,3157.53955078125,442.4657897949219,1959.4493408203125,156.83082580566406,1622.561767578125
2020-06-05,3172.50146484375,442.75274658203125,1928.9569091796875,156.71328735351562,1613.1500244140625
2020-06-08,3135.988037109375,438.208984375,1951.2254638671875,154.8719024658203,1588.556884765625
2020-06-09,3125.829833984375,446.29205322265625,1946.420654296875,155.53790283203125,1561.7933349609375
2020-06-10,3090.4140625,441.8440246582031,1958.5252685546875,155.9689178466797,1560.109130859375
2020-06-11,3084.328369140625,430.5563659667969,1946.790283203125,152.20777893066406,1572.851318359375
2020-06-12,3080.3935546875,435.8653564453125,1947.113525390625,151.93350219726562,1562.24951171875
2020-06-15,3072.29443359375,433.9521484375,1925.907958984375,146.68362426757812,1553.1580810546875
2020-06-16,3061.449951171875,429.0258483886719,1918.56201171875,144.95980834960938,1547.64599609375
2020-06-17,3112.7890625,421.3731994628906,1920.3175048828125,141.9822235107422,1534.0135498046875
2020-06-18,3115.3515625,420.8948974609375,1908.3978271484375,146.21348571777344,1532.195556640625
2020-06-19,3146.74072265625,423.8124694824219,1946.91259765625,144.21539306640625,1524.230712890625
2020-06-22,3130.863037109375,424.2428894042969,1954.402099609375,144.95980834960938,1528.5823974609375
2020-06-23,3172.822265625,438.68731689453125,2005.708740234375,145.62582397460938,1567.1881103515625
2020-06-24,3153.92431640625,435.2914123535156,1981.845947265625,150.3272247314453,1582.293212890625
2020-06-25,3157.5849609375,439.21337890625,2021.7103271484375,158.35879516601562,1589.7794189453125
2020-06-26,3163.07568359375,440.3612365722656,2004.08056640625,152.9521484375,1579.40966796875
2020-06-29,3220.592041015625,443.6136779785156,2030.8271484375,154.55850219726562,1583.8936767578125
2020-06-30,3297.967041015625,445.7181701660156,2028.0826416015625,152.5211944580078,1626.4722900390625
2020-07-01,3245.0263671875,446.33984375,2019.1514892578125,158.98561096191406,1590.9017333984375
2020-07-02,3235.09716796875,444.857177734375,2001.8013916015625,161.29714965820312,1590.0020751953125
2020-07-03,3238.071044921875,446.7703857421875,2022.2215576171875,162.62921142578125,1581.123779296875
2020-07-06,3316.864501953125,445.7181701660156,2010.9652099609375,164.6064453125,1591.2000732421875
2020-07-07,3366.281982421875,457.77105712890625,2004.033935546875,160.03404235839844,1601.6553955078125
2020-07-08,3372.27587890625,452.701171875,2033.7109375,161.72296142578125,1591.2047119140625
2020-07-09,3361.843505859375,452.5098571777344,2024.22216796875,161.02268981933594,1587.137451171875
2020-07-10,3410.39111328125,453.56207275390625,2068.83056640625,160.116455078125,1594.145263671875
2020-07-13,3474.588134765625,463.4626770019531,2107.391845703125,162.75279235839844,1605.8648681640625
2020-07-14,3418.261474609375,458.6319580078125,2079.01708984375,161.3934326171875,1600.0831298828125
2020-07-15,3407.27978515625,458.8232727050781,2116.6015625,163.70022583007812,1601.309814453125
2020-07-16,3527.6201171875,466.4759216308594,2128.4169921875,159.7045135498047,1656.890625
2020-07-17,3463.78955078125,469.4413146972656,2171.862548828125,159.86927795410156,1631.7281494140625
2020-07-20,3644.666015625,479.1984558105469,2168.51318359375,158.757080078125,1633.343017578125
2020-07-21,3551.09326171875,470.3022155761719,2156.4658203125,158.38632202148438,1636.051513671875
2020-07-22,3482.137939453125,460.1624755859375,2091.80908203125,161.92893981933594,1624.33203125
2020-07-23,3502.77490234375,458.6319580078125,2057.248046875,165.34793090820312,1634.2330322265625
2020-07-24,3494.400634765625,451.027099609375,2055.3408203125,164.4416961669922,1633.80224609375
2020-07-27,3456.7890625,446.1485595703125,2066.69091796875,161.8053436279297,1643.1209716796875
2020-07-28,3454.409423828125,454.4708251953125,2086.27392578125,160.9814910888672,1618.9859619140625
2020-07-29,3472.666259765625,468.34124755859375,2075.807861328125,162.05252075195312,1571.8665771484375
2020-07-30,3482.9619140625,470.5413513183594,2051.329345703125,159.2926025390625,1564.8726806640625
2020-07-31,3499.11376953125,491.25128173828125,2064.689453125,159.95167541503906,1564.7022705078125
2020-08-03,3455.736328125,488.285888671875,2059.64404296875,158.67469787597656,1564.9486083984375
2020-08-04,3493.622802734375,484.9378967285156,2053.385009765625,159.5397186279297,1570.176025390625
2020-08-05,3523.2275390625,481.20721435546875,2050.347900390625,158.83946228027344,1562.9171142578125
2020-08-06,3530.27392578125,484.79437255859375,2074.546630859375,160.94029235839844,1579.3765869140625
2020-08-07,3600.876953125,490.0556640625,2065.29736328125,161.5170135498047,1589.9310302734375
2020-08-10,3608.19775390625,486.4683837890625,2061.74658203125,163.8238067626953,1578.296630859375
2020-08-11,3550.31591796875,490.8686828613281,2065.390380859375,167.2839813232422,1574.2294921875
2020-08-12,3486.439208984375,481.7333984375,2050.862548828125,168.2313995361328,1566.4683837890625
2020-08-13,3485.066162109375,477.75091552734375,2054.17919921875,165.9658203125,1560.156494140625
2020-08-14,3478.751953125,477.0311584472656,2031.05517578125,161.8053436279297,1548.839599609375
2020-08-17,3540.340576171875,475.543701171875,2051.749755859375,163.7414093017578,1555.298583984375
2020-08-18,3582.11669921875,476.9352111816406,2068.847412109375,163.57666015625,1567.7706298828125
2020-08-19,3546.517822265625,474.2481994628906,2049.4609375,163.49424743652344,1547.9918212890625
2020-08-20,3539.83740234375,472.71282958984375,2042.07958984375,161.31103515625,1535.3204345703125
2020-08-21,3553.243896484375,472.089111328125,2057.35595703125,162.1348876953125,1568.466552734375
2020-08-24,3576.671630859375,470.6976013183594,2050.20849609375,162.05252075195312,1560.5921630859375
2020-08-25,3566.1474609375,472.089111328125,2035.9132080078125,160.9814910888672,1542.54150390625
2020-08-26,3580.547119140625,475.9276123046875,2039.3704833984375,160.61074829101562,1533.246826171875
2020-08-27,3568.718994140625,473.2406311035156,2028.5791015625,160.03404235839844,1526.0159912109375
2020-08-28,3547.446533203125,469.3541564941406,2010.5474853515625,161.10507202148438,1524.8370361328125
2020-08-31,3484.049560546875,455.4395446777344,1978.22119140625,157.43890380859375,1510.4705810546875
2020-09-01,3526.080322265625,467.91473388671875,2019.6103515625,156.6974334716797,1533.895263671875
2020-09-02,3552.448974609375,469.7380065917969,2000.92431640625,157.6448974609375,1514.5428466796875
2020-09-03,3503.4990234375,474.72808837890625,1998.58837890625,157.85086059570312,1552.5377197265625
2020-09-04,3465.16162109375,464.26806640625,1985.0413818359375,153.8139190673828,1537.2762451171875
2020-09-07,3482.179931640625,468.20263671875,2020.4976806640625,155.7912139892578,1553.4609375
2020-09-08,3489.2392578125,466.76312255859375,2001.48486328125,155.00856018066406,1527.22802734375
2020-09-09,3495.504638671875,472.4729919433594,1992.1422119140625,151.4247589111328,1544.843017578125
2020-09-10,3477.69140625,475.4957580566406,1993.6834716796875,152.33099365234375,1555.0899658203125
2020-09-11,3527.249267578125,487.7309875488281,2017.3680419921875,151.54833984375,1546.06005859375
2020-09-14,3477.925537109375,483.8445129394531,1983.966796875,151.0540313720703,1523.1370849609375
2020-09-15,3491.576904296875,485.3319396972656,1984.854736328125,149.7770538330078,1519.12646484375
2020-09-16,3594.806884765625,489.0265197753906,2002.6527099609375,148.82960510253906,1533.9805908203125
2020-09-17,3567.830322265625,482.2611083984375,1988.3580322265625,147.14071655273438,1526.7406005859375
2020-09-18,3550.859130859375,487.9229736328125,1960.79638671875,147.55262756347656,1523.4923095703125
2020-09-21,3393.58349609375,470.8895263671875,1903.8983154296875,144.7926788330078,1461.3385009765625
2020-09-22,3354.966064453125,472.2330322265625,1893.62109375,143.5157470703125,1439.4149169921875
2020-09-23,3389.469482421875,466.1394348144531,1917.678955078125,142.11520385742188,1455.21142578125
2020-09-24,3378.1083984375,466.66717529296875,1925.4803466796875,137.21324157714844,1445.059326171875
2020-09-25,3446.974853515625,472.71282958984375,1942.437744140625,140.67344665527344,1490.32275390625
2020-09-28,3494.615966796875,482.93292236328125,1927.7225341796875,142.77426147460938,1488.7125244140625
2020-09-29,3494.148681640625,477.12713623046875,1899.6005859375,139.5612335205078,1479.3416748046875
2020-09-30,3551.466796875,489.9381408691406,1932.3472900390625,141.45608520507812,1507.5440673828125
2020-10-01,3561.238525390625,493.0569763183594,1957.33984375,140.7558135986328,1515.2955322265625
2020-10-05,3581.669189453125,499.0067138671875,1972.3348388671875,139.43765258789062,1518.3875732421875
2020-10-06,3521.264892578125,505.5320739746094,1976.8663330078125,139.97315979003906,1503.5858154296875
2020-10-07,3540.059814453125,502.8931579589844,1998.775634765625,139.6436309814453,1526.0823974609375
2020-10-08,3548.2412109375,500.97381591796875,2018.8157958984375,137.70753479003906,1544.0947265625
2020-10-09,3501.86279296875,498.1429443359375,1999.055908203125,138.28424072265625,1518.4776611328125
2020-10-12,3489.14599609375,494.6883544921875,1997.887939453125,141.86802673339844,1505.986328125
2020-10-13,3502.376708984375,493.4888000488281,1997.700927734375,140.1791229248047,1484.280517578125
2020-10-14,3543.659423828125,496.079833984375,2016.33984375,138.24307250976562,1484.285400390625
2020-10-15,3488.67822265625,496.7034606933594,2011.10791015625,135.9774627685547,1477.6275634765625
2020-10-16,3503.826416015625,491.04168701171875,2009.239501953125,136.51295471191406,1461.2913818359375
2020-10-19,3527.436279296875,498.33489990234375,2034.6988525390625,138.6138153076172,1524.0697021484375
2020-10-20,3322.379150390625,506.731689453125,2030.307861328125,137.9547119140625,1539.1656494140625
2020-10-21,3176.604736328125,495.0242004394531,2021.011474609375,138.11947631835938,1518.169921875
2020-10-22,3233.73681640625,486.6753845214844,2036.14697265625,138.86097717285156,1506.6729736328125
2020-10-23,3244.39599609375,498.1909484863281,2002.979736328125,140.67344665527344,1502.506103515625
2020-10-26,3259.02978515625,492.7690124511719,2024.374755859375,138.86097717285156,1539.8095703125
2020-10-27,3340.239013671875,502.07745361328125,2033.671142578125,137.7487335205078,1631.718994140625
2020-10-28,3311.67333984375,496.27178955078125,2035.222900390625,136.34817504882812,1621.2352294921875
2020-10-29,3303.2109375,498.76678466796875,1995.4935302734375,134.9888458251953,1610.396240234375
2020-10-30,3247.6689453125,490.8018798828125,1947.72412109375,136.1422576904297,1638.173828125
2020-11-02,3198.157958984375,485.81170654296875,1948.382568359375,137.3780059814453,1633.7208251953125
2020-11-03,3182.5888671875,494.5923767089844,1933.0550537109375,140.13795471191406,1612.48681640625
2020-11-04,3245.2841796875,497.51922607421875,1937.145263671875,139.8907928466797,1622.471435546875
2020-11-05,3271.980224609375,498.5747375488281,1976.9219970703125,143.9688720703125,1643.87255859375
2020-11-06,3285.3515625,505.91595458984375,1969.2108154296875,143.30978393554688,1623.3829345703125
2020-11-09,3317.844482421875,506.2518310546875,2005.3199462890625,142.36236572265625,1654.4395751953125
2020-11-10,3280.4892578125,494.20849609375,2009.12841796875,146.9347686767578,1585.019287109375
2020-11-11,3265.90234375,491.0790710449219,2004.0032958984375,152.66053771972656,1593.8824462890625
2020-11-12,3286.987548828125,498.68597412109375,2061.3173828125,154.88494873046875,1595.886962890625
2020-11-13,3286.19287109375,496.27880859375,2054.97021484375,154.14349365234375,1606.1053466796875
2020-11-14,3298.255126953125,497.9638671875,2057.1796875,155.3792724609375,1607.2984619140625
2020-11-17,3281.844970703125,492.6678771972656,2047.6820068359375,154.34947204589844,1621.1109619140625
2020-11-18,3273.0087890625,486.6497497558594,2004.89697265625,151.63072204589844,1610.5872802734375
2020-11-19,3283.294677734375,488.4792175292969,2003.6273193359375,154.8025360107422,1616.4625244140625
2020-11-20,3321.397705078125,489.53839111328125,1993.753662109375,157.9332275390625,1666.696044921875
2020-11-23,3326.353271484375,490.21246337890625,2002.3580322265625,157.2329559326172,1697.814697265625
2020-11-24,3330.888427734375,489.0570068359375,2028.6402587890625,161.10507202148438,1687.4290771484375
2020-11-25,3324.857421875,482.70184326171875,2008.42333984375,159.7045135498047,1672.4044189453125
2020-11-26,3318.26513671875,485.3979797363281,2025.678466796875,160.48716735839844,1693.5716552734375
2020-11-27,3401.671630859375,481.2574768066406,2010.6326904296875,159.5397186279297,1707.6036376953125
2020-12-01,3393.630859375,487.22747802734375,2005.790283203125,160.15762329101562,1662.6629638671875
2020-12-02,3363.38134765625,483.8572998046875,2011.6673583984375,161.43460083007812,1648.1824951171875
2020-12-03,3399.8017578125,482.8944396972656,2000.8062744140625,161.6405792236328,1669.726806640625
2020-12-04,3411.255859375,483.6647644042969,2053.888671875,163.28826904296875,1701.8525390625
2020-12-07,3393.256103515625,483.4239807128906,2121.545654296875,167.3663787841797,1676.44677734375
2020-12-08,3408.6376953125,483.95361328125,2125.166748046875,166.78968811035156,1672.3326416015625
2020-12-09,3391.52685546875,483.520263671875,2155.44482421875,169.22006225585938,1677.0770263671875
2020-12-10,3496.860107421875,495.3158874511719,2210.21923828125,175.23422241210938,1751.87109375
2020-12-11,3490.314697265625,494.7380676269531,2233.070068359375,178.20010375976562,1756.4913330078125
2020-12-14,3531.64404296875,494.5455017089844,2229.30908203125,177.8705291748047,1774.6947021484375
2020-12-15,3520.984375,494.7861328125,2181.633544921875,175.9344940185547,1736.3310546875
2020-12-16,3508.87548828125,494.59368896484375,2204.107666015625,176.30523681640625,1749.0789794921875
2020-12-17,3487.509521484375,492.5234375,2177.1669921875,175.5225372314453,1747.3514404296875
2020-12-18,3478.8603515625,490.45318603515625,2194.23388671875,176.71713256835938,1752.83056640625
2020-12-21,3388.674560546875,484.91656494140625,2168.374755859375,167.20159912109375,1736.5888671875
2020-12-22,3394.612060546875,485.5423889160156,2173.123779296875,167.57235717773438,1771.04345703125
2020-12-23,3389.89013671875,491.2235107421875,2228.932861328125,171.15611267089844,1788.1444091796875
2020-12-24,3383.25146484375,495.46026611328125,2258.9296875,171.8563995361328,1772.265380859375
2020-12-28,3369.50634765625,505.5707092285156,2246.375732421875,172.59786987304688,1775.224609375
2020-12-29,3359.921875,509.3260498046875,2242.05029296875,174.28677368164062,1743.2755126953125
2020-12-30,3351.13232421875,519.5327758789062,2263.019775390625,173.95721435546875,1754.4058837890625
2020-12-31,3344.072998046875,514.1886596679688,2252.48828125,172.18594360351562,1755.455322265625
2021-01-01,3336.077880859375,514.3811645507812,2245.1064453125,176.181640625,1761.22607421875
2021-01-04,3322.1455078125,523.1918334960938,2281.73291015625,175.8109130859375,1754.281494140625
2021-01-05,3320.46240234375,518.9067993164062,2304.347900390625,174.20437622070312,1771.4920654296875
2021-01-06,3309.802978515625,514.284912109375,2273.081787109375,169.22006225585938,1767.387451171875
2021-01-07,3322.05224609375,515.34423828125,2227.52197265625,167.07801818847656,1730.3553466796875
2021-01-08,3343.0439453125,520.0623779296875,2248.538330078125,166.00698852539062,1747.437255859375
2021-01-11,3378.2021484375,526.2249145507812,2284.177490234375,166.8308563232422,1755.5703125
2021-01-12,3395.78076171875,520.928955078125,2234.151611328125,170.08509826660156,1718.117919921875
2021-01-13,3385.962890625,516.2107543945312,2230.8134765625,174.0395965576172,1720.04638671875
2021-01-14,3427.385986328125,528.5840454101562,2255.449951171875,176.4287872314453,1730.8614501953125
2021-01-15,3374.64892578125,520.6882934570312,2210.8779296875,179.47708129882812,1702.3582763671875
2021-01-18,3373.52685546875,517.5587768554688,2193.434814453125,181.04237365722656,1682.9520263671875
2021-01-19,3367.355224609375,521.3141479492188,2222.162109375,180.30091857910156,1694.78857421875
2021-01-20,3358.986572265625,517.7033081054688,2215.3916015625,179.31228637695312,1687.7822265625
2021-01-21,3394.986328125,517.1255493164062,2226.393798828125,176.0580291748047,1691.123046875
2021-01-22,3373.6669921875,513.177734375,2265.60546875,173.5865020751953,1679.0289306640625
2021-01-25,3378.8564453125,512.8406372070312,2256.4375,171.19732666015625,1662.38623046875
2021-01-27,3376.23828125,507.9299011230469,2248.6328125,173.54530334472656,1674.113037109375
2021-01-28,3369.69287109375,508.3149719238281,2163.15625,170.20867919921875,1659.7515869140625
2021-01-29,3273.7099609375,495.46026611328125,2128.833740234375,167.44879150390625,1628.4755859375
2021-02-01,3292.08349609375,505.7151184082031,2114.446044921875,177.9117431640625,1631.1197509765625
2021-02-02,3273.8505859375,506.8707275390625,2097.379150390625,179.76541137695312,1640.913330078125
2021-02-03,3288.10986328125,505.2818603515625,2099.63623046875,178.5708465576172,1638.632080078125
2021-02-04,3347.4853515625,506.58172607421875,2111.625,189.44570922851562,1629.8118896484375
2021-02-05,3311.6259765625,502.3931884765625,2134.146240234375,193.07069396972656,1633.797119140625
2021-02-08,3248.089599609375,499.1674499511719,2103.20947265625,192.04086303710938,1643.57666015625
2021-02-09,3237.523193359375,505.6670837402344,2084.026123046875,188.66305541992188,1653.19384765625
2021-02-10,3202.412353515625,505.1856689453125,2102.128173828125,187.4684600830078,1639.67724609375
2021-02-11,3237.850830078125,515.921875,2127.98681640625,186.5622100830078,1662.0997314453125
2021-02-12,3199.0458984375,514.1886596679688,2107.81689453125,179.1475067138672,1650.8409423828125
2021-02-15,3195.072021484375,507.7371520996094,2083.039306640625,180.09495544433594,1668.5526123046875
2021-02-16,3169.3115234375,503.2116394042969,2065.078369140625,179.80662536621094,1643.486083984375
2021-02-17,3145.514404296875,500.75628662109375,2034.7991943359375,179.39466857910156,1598.044189453125
2021-02-18,3141.260009765625,500.75628662109375,2018.766845703125,180.30091857910156,1562.105224609375
2021-02-19,3114.844482421875,494.4010925292969,2050.9736328125,177.9117431640625,1563.22216796875
2021-02-22,3124.195068359375,481.787109375,2038.279052734375,174.62254333496094,1536.4849853515625
2021-02-23,3119.2861328125,481.4981994628906,2049.234130859375,175.845458984375,1543.51513671875
2021-02-24,3184.36572265625,484.9646301269531,2048.85791015625,176.14065551757812,1560.33447265625
2021-02-25,3183.8515625,490.164306640625,2034.2353515625,176.3936309814453,1538.1650390625
2021-02-26,3145.280517578125,484.4351501464844,2004.8497314453125,171.92372131347656,1536.99072265625
2021-03-01,3190.209716796875,487.08306884765625,2015.5225830078125,174.4960174560547,1555.20849609375
2021-03-02,3224.011962890625,492.28271484375,2048.01123046875,177.02618408203125,1582.289306640625
2021-03-03,3255.0556640625,498.8785400390625,2062.634033203125,177.068359375,1594.0399169921875
2021-03-04,3274.4580078125,504.7522277832031,2065.830810546875,176.8574981689453,1590.465087890625
2021-03-05,3264.96728515625,504.94488525390625,2069.780517578125,175.88760375976562,1602.0250244140625
2021-03-08,3238.271728515625,509.0372314453125,2044.814208984375,175.42376708984375,1608.6636962890625
2021-03-09,3204.18896484375,506.2447814941406,2067.3349609375,175.2550811767578,1614.2335205078125
2021-03-10,3254.307861328125,511.44439697265625,2094.934326171875,174.15867614746094,1616.204833984375
2021-03-12,3211.20166015625,504.0301513671875,2073.21240234375,173.06228637695312,1596.25439453125
2021-03-15,3226.302734375,506.58172607421875,2078.94873046875,173.27310180664062,1606.8118896484375
2021-03-16,3262.489501953125,509.4704895019531,2110.167724609375,175.29725646972656,1598.11572265625
2021-03-17,3242.666259765625,507.97796630859375,2093.476806640625,177.61654663085938,1570.7962646484375
2021-03-18,3216.2509765625,502.5376281738281,2083.039306640625,183.56239318847656,1546.5029296875
2021-03-19,3241.450927734375,505.3299865722656,2174.110595703125,188.03233337402344,1570.3284912109375
2021-03-22,3332.898681640625,513.707275390625,2212.8056640625,190.60464477539062,1583.42529296875
2021-03-23,3336.638671875,513.4664916992188,2197.854736328125,187.39979553222656,1592.3314208984375
2021-03-24,3307.979736328125,509.4222717285156,2180.2705078125,182.128662109375,1570.0662841796875
2021-03-25,3220.177978515625,498.1563720703125,2103.58544921875,178.45994567871094,1543.529541015625
2021-03-26,3276.98291015625,510.14459228515625,2179.612060546875,177.86953735351562,1581.8692626953125
2021-03-30,3381.1474609375,518.0403442382812,2255.637939453125,180.94790649414062,1638.4984130859375
2021-03-31,3389.609619140625,520.447509765625,2286.433837890625,184.2792510986328,1638.517578125
2021-04-01,3383.485107421875,518.6661376953125,2255.96728515625,185.5865020751953,1630.685302734375
2021-04-05,3460.019287109375,517.077392578125,2231.613037109375,179.26113891601562,1611.3460693359375
2021-04-06,3488.3046875,526.658203125,2264.618408203125,179.34548950195312,1630.547119140625
2021-04-07,3561.191650390625,532.6764526367188,2261.75048828125,180.3153839111328,1661.870849609375
2021-04-08,3627.91845703125,538.4056396484375,2266.123046875,179.85153198242188,1688.6031494140625
2021-04-09,3609.81103515625,539.70556640625,2328.279541015625,179.72500610351562,1679.296142578125
2021-04-12,3624.116455078125,534.1689453125,2315.114990234375,173.14662170410156,1670.638427734375
2021-04-13,3560.6689453125,539.4647827148438,2307.96826171875,176.01409912109375,1638.865966796875
2021-04-15,3510.005859375,550.8270263671875,2313.84521484375,174.3273468017578,1610.878173828125
2021-04-16,3513.61767578125,553.6676025390625,2312.19970703125,175.38157653808594,1646.8126220703125
2021-04-19,3557.627197265625,548.0828247070312,2291.276611328125,173.39962768554688,1631.3345947265625
2021-04-20,3545.365234375,547.8902587890625,2254.415771484375,171.6707000732422,1631.8785400390625
2021-04-22,3566.3720703125,545.1458740234375,2209.232666015625,173.6526336669922,1602.7454833984375
2021-04-23,3469.70361328125,539.1759643554688,2170.0673828125,173.1887969970703,1587.0191650390625
2021-04-26,3364.10009765625,521.2177734375,2219.81103515625,173.14662170410156,1610.396240234375
2021-04-27,3366.0009765625,518.6180419921875,2237.8662109375,173.23094177246094,1601.652587890625
2021-04-28,3306.640869140625,521.1697998046875,2262.97314453125,173.31527709960938,1587.792236328125
2021-04-29,3297.278076171875,521.7955932617188,2263.96044921875,172.30323791503906,1583.8333740234375
2021-04-30,3278.36279296875,518.0884399414062,2213.322998046875,170.86949157714844,1565.2813720703125
2021-05-03,3269.09521484375,522.2769775390625,2264.336669921875,169.4779052734375,1584.236572265625
2021-05-04,3265.863525390625,517.60693359375,2264.00732421875,168.33932495117188,1588.06103515625
2021-05-05,3280.834228515625,520.880859375,2251.78271484375,169.85740661621094,1588.3153076171875
2021-05-06,3281.261962890625,525.021240234375,2247.41015625,170.9959716796875,1604.47265625
2021-05-07,3290.006591796875,514.766357421875,2267.345703125,173.1887969970703,1608.671630859375
2021-05-10,3244.904296875,503.3560485839844,2287.750732421875,173.3574676513672,1611.162109375
2021-05-11,3249.276611328125,505.9559326171875,2258.78857421875,172.05023193359375,1619.1090087890625
2021-05-12,3269.38037109375,509.5668640136719,2190.00244140625,171.41769409179688,1604.501708984375
2021-05-14,3328.2177734375,515.151611328125,2235.045166015625,179.0081329345703,1653.0889892578125
2021-05-17,3333.730712890625,514.5256958007812,2234.48046875,179.3032989501953,1635.218505859375
2021-05-18,3351.0302734375,511.396240234375,2232.599853515625,177.1527099609375,1648.9093017578125
2021-05-19,3359.53759765625,518.0884399414062,2218.96484375,175.212890625,1674.70263671875
2021-05-20,3253.22119140625,515.921875,2204.295654296875,174.58033752441406,1658.962646484375
2021-05-21,3265.768310546875,516.8367309570312,2221.31591796875,176.30931091308594,1679.2855224609375
2021-05-24,3211.921142578125,513.4664916992188,2197.149169921875,178.37557983398438,1666.156005859375
2021-05-25,3281.471435546875,510.8666076660156,2204.20166015625,177.86953735351562,1681.10888671875
2021-05-26,3259.05126953125,512.4554443359375,2213.55810546875,177.61654663085938,1683.5274658203125
2021-05-27,3257.76318359375,507.64093017578125,2187.604736328125,178.0803985595703,1703.24072265625
2021-05-28,3266.1591796875,510.7222595214844,2183.18505859375,179.55630493164062,1680.465576171875
2021-05-31,3289.43798828125,520.3994140625,2200.4404296875,182.67684936523438,1698.33154296875
2021-06-01,3288.388427734375,517.1255493164062,2217.601806640625,181.5382843017578,1704.3731689453125
2021-06-02,3315.5791015625,512.503662109375,2218.071533203125,176.2671356201172,1694.2957763671875
2021-06-03,3335.614013671875,520.7364501953125,2222.25634765625,176.30931091308594,1708.29833984375
2021-06-04,3328.983642578125,523.8658447265625,2202.3212890625,176.0562744140625,1672.538330078125
2021-06-07,3379.83447265625,528.1507568359375,2199.735107421875,178.3334197998047,1682.6876220703125
2021-06-08,3436.266845703125,535.7096557617188,2218.259765625,180.18885803222656,1677.8936767578125
2021-06-09,3410.459716796875,537.8760986328125,2215.438720703125,179.21897888183594,1685.048583984375
2021-06-10,3411.986328125,539.1759643554688,2236.878662109375,181.42942810058594,1684.947998046875
2021-06-11,3394.431640625,544.2311401367188,2225.312255859375,180.21585083007812,1683.0572509765625
2021-06-14,3426.249267578125,547.3605346679688,2239.6142578125,179.6957550048828,1687.001708984375
2021-06-15,3464.984375,553.4749755859375,2265.5185546875,179.47901916503906,1697.2999267578125
2021-06-16,3472.23486328125,559.059814453125,2280.625732421875,180.17251586914062,1724.21142578125
2021-06-17,3490.075439453125,551.934326171875,2289.906982421875,178.2654571533203,1733.2186279296875
2021-06-18,3452.9150390625,555.6895751953125,2351.660888671875,177.3119354248047,1695.9420166015625
2021-06-21,3481.202880859375,550.5381469726562,2381.448974609375,177.2252655029297,1693.87841796875
2021-06-22,3483.158447265625,545.6273803710938,2358.62255859375,177.7886962890625,1673.4739990234375
2021-06-23,3491.1728515625,545.4346923828125,2349.38818359375,176.79183959960938,1671.3865966796875
2021-06-24,3519.603759765625,553.8601684570312,2358.528076171875,176.18507385253906,1691.0565185546875
2021-06-25,3501.4287109375,543.509033203125,2319.221435546875,177.74534606933594,1680.2069091796875
2021-06-28,3498.757568359375,546.0125122070312,2330.160888671875,176.4884490966797,1680.1539306640625
2021-06-29,3489.121337890625,546.3013916015625,2360.80078125,176.2283935546875,1689.089111328125
2021-06-30,3481.966064453125,547.6494140625,2340.67431640625,175.7082977294922,1692.3284912109375
2021-07-01,3430.59033203125,567.8703002929688,2347.02001953125,175.96832275390625,1693.5953369140625
2021-07-02,3382.410888671875,568.54443359375,2355.82861328125,175.44822692871094,1689.3531494140625
2021-07-05,3361.659912109375,565.896484375,2366.957763671875,176.5317840576172,1693.129638671875
2021-07-06,3357.31884765625,569.8442993164062,2341.81103515625,175.53494262695312,1676.6939697265625
2021-07-07,3359.56103515625,572.3478393554688,2350.47705078125,176.61846923828125,1700.3853759765625
2021-07-08,3330.98681640625,573.9847412109375,2318.179931640625,175.10153198242188,1690.974853515625
2021-07-09,3316.24658203125,573.5032958984375,2321.87353515625,174.53805541992188,1692.6163330078125
2021-07-12,3310.951904296875,571.144287109375,2314.959228515625,174.3213348388672,1693.134521484375
2021-07-13,3325.35791015625,567.292724609375,2307.903076171875,174.9714813232422,1697.9813232421875
2021-07-14,3325.5966796875,563.58544921875,2287.2080078125,176.921875,1683.3739013671875
2021-07-15,3301.8408203125,562.7669677734375,2284.84033203125,178.7855682373047,1691.2581787109375
2021-07-16,3282.90283203125,558.7708740234375,2289.62353515625,180.21585083007812,1694.3631591796875
2021-07-19,3291.632080078125,566.95556640625,2281.335693359375,180.0858154296875,1703.79248046875
2021-07-20,3275.794921875,566.3779296875,2306.1982421875,179.26231384277344,1713.7406005859375
2021-07-22,3267.924072265625,566.6185913085938,2252.447998046875,179.43568420410156,1727.05224609375
2021-07-23,3281.7578125,568.255615234375,2233.4580078125,184.1166229248047,1741.366943359375
2021-07-26,3322.018798828125,573.2626342773438,2224.5546875,183.03306579589844,1737.2783203125
2021-07-27,3292.20458984375,566.8592529296875,2218.58740234375,180.865966796875,1749.2510986328125
2021-07-28,3266.779052734375,568.2073974609375,2236.5830078125,181.25604248046875,1729.7154541015625
2021-07-29,3249.129150390625,565.7877807617188,2211.34228515625,178.6122283935547,1719.369384765625
2021-07-30,3266.111083984375,581.3696899414062,2209.96826171875,177.65866088867188,1699.012939453125
2021-08-02,3343.628173828125,579.772705078125,2209.4951171875,179.6957550048828,1700.1646728515625
2021-08-03,3409.028564453125,594.4837036132812,2260.688232421875,181.94952392578125,1754.817626953125
2021-08-04,3413.894287109375,569.175048828125,2251.45361328125,180.82261657714844,1733.055419921875
2021-08-05,3445.23486328125,570.5785522460938,2233.07861328125,186.58712768554688,1747.5858154296875
2021-08-06,3438.413818359375,566.3684692382812,2246.1494140625,185.7202606201172,1729.532958984375
2021-08-09,3469.038818359375,563.0294799804688,2258.46240234375,185.33018493652344,1746.967041015625
2021-08-10,3470.088134765625,561.1422119140625,2255.905029296875,181.9061737060547,1753.7811279296875
2021-08-11,3458.92578125,556.593505859375,2264.09765625,180.865966796875,1743.65576171875
2021-08-12,3454.441650390625,556.8839111328125,2265.849853515625,181.0826873779297,1740.3974609375
2021-08-13,3415.087158203125,569.3687133789062,2277.4052734375,183.29312133789062,1753.421142578125
2021-08-16,3487.356689453125,569.4171142578125,2298.147705078125,182.81634521484375,1755.887939453125
2021-08-17,3526.66357421875,577.401611328125,2352.513671875,181.3427276611328,1797.8577880859375
2021-08-18,3549.79931640625,578.176025390625,2354.64501953125,181.12600708007812,1814.984619140625
2021-08-20,3716.94970703125,592.0156860351562,2480.946533203125,181.0826873779297,1878.3519287109375
2021-08-23,3688.614501953125,590.273681640625,2494.91650390625,178.8289031982422,1921.5216064453125
2021-08-24,3637.0478515625,573.7723999023438,2493.82763671875,178.3521270751953,1898.3724365234375
2021-08-25,3666.24169921875,580.7890014648438,2505.193359375,178.91558837890625,1910.8492431640625
2021-08-26,3750.294189453125,586.0152587890625,2525.46142578125,177.3552703857422,1924.5592041015625
2021-08-27,3760.454833984375,589.16064453125,2536.401123046875,178.482177734375,1915.4080810546875
2021-08-30,3803.196533203125,596.9032592773438,2545.63623046875,180.30255126953125,1894.763671875
2021-08-31,3813.833984375,601.5004272460938,2580.112548828125,183.1630859375,1868.418701171875
2021-09-01,3830.864013671875,606.0975341796875,2588.447021484375,181.602783203125,1902.8831787109375
2021-09-02,3898.363525390625,620.2277221679688,2652.99462890625,181.8195037841797,1942.5931396484375
2021-09-03,3934.712890625,620.6149291992188,2620.4599609375,182.55630493164062,1945.0931396484375
2021-09-06,3891.63720703125,614.3724365234375,2633.625732421875,181.42942810058594,1940.923095703125
2021-09-07,3907.28369140625,617.469482421875,2630.879150390625,183.55316162109375,1954.8631591796875
2021-09-08,3874.798095703125,620.0341796875,2652.852783203125,183.11976623535156,1904.10693359375
2021-09-09,3883.766357421875,617.759765625,2662.087158203125,184.33331298828125,1963.3812255859375
2021-09-13,3905.75732421875,619.5986328125,2639.072021484375,185.63357543945312,1962.906005859375
2021-09-14,3913.055908203125,618.630859375,2616.52978515625,187.3239288330078,1941.6187744140625
2021-09-15,3898.601806640625,616.6951904296875,2628.747802734375,187.23724365234375,1930.9415283203125
2021-09-16,3885.9130859375,619.7921752929688,2621.9287109375,200.02310180664062,1922.1741943359375
2021-09-17,3865.68701171875,632.9061279296875,2578.360107421875,200.36984252929688,1936.3641357421875
2021-09-20,3896.8369140625,624.8731689453125,2652.33203125,202.62364196777344,1950.4630126953125
2021-09-21,3888.298095703125,630.3414916992188,2663.792236328125,209.34161376953125,1937.693359375
2021-09-22,3872.03125,627.5347900390625,2637.319580078125,211.07530212402344,1912.322265625
2021-09-23,3856.62353515625,626.8089599609375,2635.23583984375,210.20848083496094,1904.0494384765625
2021-09-24,3857.14794921875,630.922119140625,2601.4697265625,206.69778442382812,1906.4727783203125
2021-09-27,3825.378173828125,612.8238525390625,2566.283935546875,206.91448974609375,1885.1614990234375
2021-09-28,3819.701416015625,606.1942749023438,2579.875244140625,206.09100341796875,1875.8087158203125
2021-09-29,3790.221435546875,603.0972900390625,2543.363037109375,206.39439392089844,1872.1617431640625
2021-09-30,3767.5146484375,597.1936645507812,2558.990478515625,204.70404052734375,1866.2879638671875
2021-10-01,3740.9443359375,598.0645751953125,2561.121826171875,204.01058959960938,1876.3077392578125
2021-10-04,3714.0400390625,604.113525390625,2544.21533203125,205.09413146972656,1870.8372802734375
2021-10-05,3703.83154296875,596.3709106445312,2565.478515625,203.4471435546875,1861.4891357421875
2021-10-06,3757.640625,595.1611938476562,2544.0732421875,200.45652770996094,1838.608642578125
2021-10-07,3721.386474609375,595.3546752929688,2528.30322265625,201.93016052246094,1827.907470703125
2021-10-08,3704.88134765625,587.4669799804688,2500.504638671875,200.8466339111328,1822.2259521484375
2021-10-11,3664.14306640625,589.0640258789062,2505.287841796875,206.35104370117188,1831.650390625
2021-10-12,3690.236328125,596.9515991210938,2534.69677734375,209.16827392578125,1863.423095703125
2021-10-13,3705.2626953125,603.7263793945312,2506.850341796875,216.01629638671875,1854.3006591796875
2021-10-14,3715.900390625,595.4031372070312,2509.502685546875,222.38754272460938,1854.7564697265625
2021-10-18,3661.04248046875,594.386962890625,2513.717529296875,227.5885772705078,1865.6065673828125
2021-10-19,3621.49658203125,585.7733154296875,2412.183837890625,213.19906616210938,1858.8883056640625
2021-10-20,3589.154052734375,573.5786743164062,2347.6357421875,213.76254272460938,1850.173583984375
2021-10-21,3543.693603515625,568.4976806640625,2316.474853515625,212.1155242919922,1845.9029541015625
2021-10-22,3520.462158203125,571.7398681640625,2324.38330078125,205.09413146972656,1824.169189453125
2021-10-25,3464.220703125,562.5940551757812,2326.041015625,202.32025146484375,1794.373779296875
2021-10-26,3523.133544921875,562.642333984375,2322.22900390625,205.18080139160156,1855.3262939453125
2021-10-27,3527.95166015625,572.6109619140625,2283.87255859375,206.69778442382812,1834.7625732421875
2021-10-28,3512.734130859375,570.7237548828125,2277.2490234375,195.12548828125,1833.48828125
2021-10-29,3506.866943359375,566.99755859375,2280.584716796875,193.4784698486328,1834.3330078125
2021-11-01,3509.156494140625,577.8372192382812,2293.878662109375,196.6424560546875,1828.4874267578125
2021-11-02,3513.6884765625,578.804931640625,2305.123291015625,195.55889892578125,1812.4949951171875
2021-11-03,3463.075927734375,590.9027709960938,2297.9287109375,192.82833862304688,1808.942138671875
2021-11-04,3463.075927734375,592.8383178710938,2308.887451171875,196.38238525390625,1823.6263427734375
2021-11-08,3546.889404296875,587.2734375,2317.511962890625,199.1996307373047,1839.0733642578125
2021-11-09,3455.204833984375,583.7892456054688,2316.797119140625,198.2894287109375,1828.59814453125
2021-11-10,3528.57177734375,585.7733154296875,2287.25537109375,200.10980224609375,1829.7713623046875
2021-11-11,3476.003173828125,582.12890625,2264.431884765625,199.3729705810547,1820.223388671875
2021-11-12,3518.50634765625,585.4818115234375,2291.82958984375,201.88682556152344,1848.0711669921875
2021-11-15,3570.645751953125,586.9880981445312,2310.698486328125,206.39439392089844,1880.3309326171875
2021-11-16,3521.177734375,592.8190307617188,2293.449462890625,204.09725952148438,1878.930908203125
2021-11-17,3448.955810546875,590.8754272460938,2278.6787109375,207.60794067382812,1880.3743896484375
2021-11-18,3407.502197265625,591.6043090820312,2286.54052734375,205.874267578125,1873.4669189453125
2021-11-22,3417.042724609375,589.709228515625,2276.200927734375,200.15313720703125,1833.86962890625
2021-11-23,3493.8916015625,594.3255004882812,2281.58544921875,200.75994873046875,1851.8460693359375
2021-11-24,3456.87451171875,585.9677124023438,2263.0498046875,197.37924194335938,1842.7080078125
2021-11-25,3409.219482421875,589.3206176757812,2238.55908203125,200.49986267089844,1851.5079345703125
2021-11-26,3391.951171875,585.04443359375,2225.265380859375,194.1719512939453,1855.7752685546875
2021-11-29,3366.47802734375,581.1571655273438,2219.833251953125,192.00486755371094,1834.3570556640625
2021-11-30,3382.601318359375,578.1930541992188,2208.54052734375,191.70144653320312,1849.04638671875
2021-12-01,3372.822265625,559.8739624023438,2234.556640625,192.35159301757812,1872.723388671875
2021-12-02,3414.085205078125,562.2549438476562,2271.197998046875,195.42886352539062,1882.8988037109375
2021-12-03,3390.47216796875,564.9760131835938,2233.4130859375,192.13487243652344,1865.3426513671875
2021-12-06,3335.56640625,551.32177734375,2198.0107421875,188.88424682617188,1835.9114990234375
2021-12-07,3314.5771484375,556.2781372070312,2212.400146484375,191.26805114746094,1867.5535888671875
2021-12-08,3411.46142578125,557.8816528320312,2230.50634765625,194.9954376220703,1880.572509765625
2021-12-09,3457.399169921875,563.4210815429688,2229.6962890625,204.05392456054688,1861.809326171875
2021-12-10,3465.556396484375,561.5260009765625,2223.073486328125,204.66070556640625,1860.4093017578125
2021-12-13,3423.8642578125,562.5950927734375,2195.96142578125,203.36045837402344,1832.5806884765625
2021-12-14,3415.18212890625,563.0809936523438,2209.25537109375,198.15940856933594,1857.373046875
2021-12-15,3378.880615234375,557.1527709960938,2211.780517578125,194.2152862548828,1853.9263916015625
2021-12-16,3397.007568359375,554.1887817382812,2200.869384765625,193.2184295654297,1859.1446533203125
2021-12-17,3373.680908203125,548.8436279296875,2125.346923828125,188.92758178710938,1842.008056640625
2021-12-20,3312.383056640625,542.4780883789062,2162.36962890625,184.1166229248047,1822.85400390625
2021-12-21,3344.677734375,543.3527221679688,2165.943115234375,184.2032928466797,1855.606201171875
2021-12-22,3336.32958984375,548.1633911132812,2170.51708984375,183.76988220214844,1852.7198486328125
2021-12-23,3391.283203125,553.4111938476562,2192.435302734375,188.3641357421875,1854.45263671875
2021-12-24,3378.594482421875,547.8232421875,2188.909423828125,188.97093200683594,1855.9637451171875
2021-12-27,3351.78515625,545.6365356445312,2193.150146484375,188.58087158203125,1863.50830078125
2021-12-28,3387.5146484375,546.6083984375,2200.48779296875,190.7479248046875,1868.59130859375
2021-12-29,3396.0537109375,550.6414794921875,2198.34375,187.88739013671875,1872.90185546875
2021-12-30,3409.6962890625,555.4521484375,2216.2119140625,187.23724365234375,1873.568115234375
2021-12-31,3440.32177734375,563.712646484375,2249.13671875,189.01425170898438,1902.4488525390625
2022-01-03,3451.34130859375,564.78173828125,2250.23291015625,189.92445373535156,1899.7698974609375
2022-01-04,3471.280517578125,557.8816528320312,2288.3037109375,190.9213104248047,1920.1500244140625
2022-01-05,3491.554443359375,566.0936889648438,2302.16943359375,191.18136596679688,1924.6585693359375
2022-01-06,3506.2470703125,566.1422119140625,2278.916748046875,189.57769775390625,1896.8349609375
2022-01-07,3565.636962890625,570.9528198242188,2302.5029296875,189.31765747070312,1921.4825439453125
2022-01-10,3595.164794921875,572.5078125,2293.830810546875,193.56517028808594,1902.6710205078125
2022-01-11,3571.361328125,571.0014038085938,2290.590576171875,192.39492797851562,1907.87939453125
2022-01-12,3530.193603515625,566.0936889648438,2299.643798828125,193.08840942382812,1902.583984375
2022-01-13,3576.79931640625,564.3442993164062,2300.644287109375,194.12860107421875,1903.2886962890625
2022-01-14,3541.4990234375,559.5823364257812,2252.52001953125,192.95838928222656,1872.9503173828125
2022-01-17,3496.75390625,553.5569458007812,2277.15380859375,194.6920623779297,1866.486572265625
2022-01-18,3455.4912109375,548.0175170898438,2258.046875,191.35475158691406,1870.96630859375
2022-01-19,3411.365966796875,552.5365600585938,2201.250244140625,191.0080108642578,1828.2362060546875
2022-01-20,3439.510498046875,544.08154296875,2155.412841796875,189.62106323242188,1808.6478271484375
2022-01-21,3452.056640625,536.015380859375,2216.02099609375,188.14743041992188,1831.8326416015625
2022-01-24,3361.946044921875,530.7188720703125,2177.140380859375,183.5965118408203,1807.0692138671875
2022-01-25,3376.686279296875,527.5119018554688,2217.784423828125,185.7635955810547,1814.1168212890625
2022-01-27,3333.610595703125,514.1490478515625,2187.385009765625,186.023681640625,1774.9881591796875
2022-01-28,3348.3984375,518.9110717773438,2176.1396484375,188.62420654296875,1774.8865966796875
2022-01-31,3372.8701171875,521.6322631835938,2166.801025390625,190.8779754638672,1788.1275634765625
2022-02-01,3488.596923828125,531.0590209960938,2197.200439453125,197.422607421875,1802.62353515625
2022-02-02,3454.68017578125,541.7492065429688,2218.403564453125,201.2366943359375,1786.109619140625
2022-02-03,3398.724853515625,540.7774047851562,2190.052978515625,203.2304229736328,1767.3753662109375
2022-02-04,3398.343505859375,552.9739379882812,2198.10595703125,203.1004180908203,1769.7940673828125
2022-02-07,3290.153564453125,550.73876953125,2151.41015625,199.5463409423828,1744.799072265625
2022-02-08,3313.86181640625,546.4140014648438,2157.843017578125,200.45652770996094,1746.189208984375
2022-02-09,3355.744873046875,554.431640625,2170.51708984375,199.5030059814453,1750.813720703125
2022-02-10,3372.154541015625,548.6978149414062,2175.758544921875,201.32339477539062,1751.2769775390625
2022-02-11,3320.635498046875,545.053466796875,2151.791748046875,201.4967498779297,1719.9342041015625
2022-02-14,3241.878173828125,537.521728515625,2123.727294921875,194.62350463867188,1705.9404296875
2022-02-15,3318.107177734375,546.6083984375,2182.3818359375,197.7718963623047,1755.838623046875
2022-02-16,3302.937744140625,546.0252685546875,2178.951171875,197.5501708984375,1759.381591796875
2022-02-17,3304.94140625,538.7850952148438,2199.010986328125,197.4615020751953,1749.9400634765625
2022-02-18,3321.684814453125,532.3709716796875,2203.77587890625,196.7963409423828,1738.67333984375
2022-02-21,3315.5791015625,538.0076293945312,2186.861083984375,193.33755493164062,1748.0186767578125
2022-02-22,3329.412841796875,534.5576171875,2163.1796875,190.54391479492188,1748.49169921875
2022-02-23,3349.82958984375,527.9491577148438,2154.078857421875,191.51947021484375,1730.6939697265625
2022-02-24,3287.6728515625,518.6681518554688,2069.264892578125,184.9123077392578,1713.1328125
2022-02-25,3265.4912109375,529.5039672851562,2068.59765625,189.7457275390625,1710.2703857421875
2022-02-28,3269.975341796875,547.4830322265625,2069.93212890625,191.43077087402344,1702.9378662109375
2022-03-02,3235.91552734375,549.3295288085938,2048.013916015625,190.9429931640625,1722.7725830078125
2022-03-03,3211.72998046875,547.0457153320312,1992.646484375,194.57916259765625,1683.37353515625
2022-03-04,3216.452880859375,523.8674926757812,1924.509765625,199.98907470703125,1679.062744140625
2022-03-07,3008.56396484375,491.69970703125,1852.513427734375,199.50128173828125,1674.254638671875
2022-03-08,2970.68798828125,506.8602600097656,1857.325927734375,201.23068237304688,1666.652099609375
2022-03-09,2980.324462890625,513.2258911132812,1903.92578125,203.31480407714844,1655.2889404296875
2022-03-10,3074.87109375,530.3302612304688,2003.0816650390625,205.75372314453125,1703.8984375
2022-03-11,3052.8798828125,532.1280517578125,1995.886474609375,209.61160278320312,1672.845458984375
2022-03-14,3039.4755859375,525.3737182617188,1962.437744140625,211.96182250976562,1676.6829833984375
2022-03-15,3074.775634765625,540.9717407226562,1942.330322265625,210.9419403076172,1685.796630859375
2022-03-16,3161.403564453125,548.7950439453125,1974.68310546875,215.154541015625,1720.7257080078125
2022-03-17,3201.76025390625,544.4703369140625,2003.1768798828125,217.1943359375,1765.213134765625
2022-03-21,3088.800048828125,534.0717163085938,1954.71875,216.83958435058594,1725.8475341796875
2022-03-22,3013.28662109375,518.9596557617188,1899.732666015625,221.4956512451172,1682.673583984375
2022-03-23,2959.716552734375,508.1236877441406,1885.486083984375,223.49111938476562,1674.4625244140625
2022-03-24,2961.243408203125,508.9984436035156,1873.4310302734375,226.01870727539062,1680.631591796875
2022-03-25,2952.322509765625,505.1596984863281,1861.1378173828125,224.68836975097656,1656.7950439453125
2022-03-28,2952.60888671875,500.6405944824219,1882.1982421875,227.9697723388672,1627.72119140625
2022-03-29,2961.1953125,501.27227783203125,1893.5863037109375,225.79696655273438,1633.6922607421875
2022-03-30,3003.746337890625,512.8372192382812,1921.0792236328125,221.00787353515625,1670.002197265625
