Date,INFY.NS,TCS.NS,WIPRO.NS
2019-04-01,645.1815185546875,1752.8421630859375,127.202392578125
2019-04-02,648.8555908203125,1793.953125,127.202392578125
2019-04-03,643.6436767578125,1793.953125,127.202392578125
2019-04-04,639.0296630859375,1738.045654296875,125.93839263916016
2019-04-05,648.7701416015625,1767.207763671875,127.42117309570312
2019-04-08,655.5629272460938,1786.576416015625,128.1990203857422
2019-04-09,649.880859375,1804.4791259765625,133.1091766357422
2019-04-10,643.1310424804688,1760.261962890625,136.60948181152344
2019-04-11,634.5866088867188,1742.3594970703125,136.75531005859375
2019-04-12,638.9014892578125,1738.045654296875,137.77626037597656
2019-04-15,621.5991821289062,1823.287353515625,139.86671447753906
2019-04-16,618.694091796875,1839.2490234375,136.5608673095703
2019-04-18,612.6704711914062,1854.9937744140625,138.4568634033203
2019-04-22,616.0881958007812,1864.829345703125,140.13409423828125
2019-04-23,622.1973876953125,1859.30810546875,141.5196533203125
2019-04-24,629.246337890625,1883.8106689453125,142.46763610839844
2019-04-25,622.496337890625,1893.775390625,143.5128936767578
2019-04-26,630.57080078125,1931.348876953125,143.31842041015625
2019-04-30,641.9774169921875,1950.157470703125,145.14149475097656
2019-05-02,624.4188842773438,1911.3759765625,142.7593536376953
2019-05-03,618.2669677734375,1839.4208984375,141.42242431640625
2019-05-06,613.823974609375,1861.7235107421875,141.3981170654297
2019-05-07,619.0786743164062,1856.633544921875,142.85658264160156
2019-05-08,614.6355590820312,1857.4097900390625,141.3981170654297
2019-05-09,616.0881958007812,1874.40625,141.49533081054688
2019-05-10,612.49951171875,1842.6998291015625,141.155029296875
2019-05-13,614.934814453125,1836.6168212890625,140.54734802246094
2019-05-14,609.936279296875,1805.212646484375,138.35964965820312
2019-05-15,611.8587036132812,1807.8436279296875,137.581787109375
2019-05-16,626.384033203125,1819.36181640625,138.72425842285156
2019-05-17,618.5233764648438,1807.8868408203125,139.23471069335938
2019-05-20,617.2415771484375,1849.730712890625,141.1063995361328
2019-05-21,606.0485229492188,1820.2239990234375,139.47779846191406
2019-05-22,606.43310546875,1796.067138671875,137.6304168701172
2019-05-23,598.9995727539062,1772.1685791015625,137.19288635253906
2019-05-24,605.9631958007812,1766.948486328125,137.53318786621094
2019-05-27,605.0231323242188,1773.1170654296875,136.3664093017578
2019-05-28,622.11181640625,1789.1649169921875,137.55747985839844
2019-05-29,621.8555908203125,1818.3262939453125,138.8944091796875
2019-05-30,626.7686157226562,1851.7586669921875,140.0125732421875
2019-05-31,630.3572387695312,1895.1124267578125,139.23471069335938
2019-06-03,636.2528076171875,1934.583984375,141.6168670654297
2019-06-04,628.2638549804688,1898.7508544921875,142.80796813964844
2019-06-06,628.5200805664062,1883.965087890625,141.714111328125
2019-06-07,631.5106201171875,1897.576171875,143.43995666503906
2019-06-10,643.814453125,1940.8468017578125,144.43658447265625
2019-06-11,645.0107421875,1959.3720703125,144.728271484375
2019-06-12,644.0706787109375,1966.4168701171875,144.87411499023438
2019-06-13,643.5076904296875,1960.5032958984375,145.0685577392578
2019-06-14,641.6011962890625,1960.850830078125,145.26303100585938
2019-06-17,641.6878662109375,1956.2413330078125,145.4331817626953
2019-06-18,650.00634765625,1957.67626953125,144.87411499023438
2019-06-19,651.522705078125,1965.5477294921875,142.9537811279297
2019-06-20,654.1223754882812,1981.246826171875,139.5021209716797
2019-06-21,650.049560546875,1956.8062744140625,138.96734619140625
2019-06-24,645.9771728515625,1979.1158447265625,138.0193328857422
2019-06-25,648.2300415039062,1972.4185791015625,138.69993591308594
2019-06-26,640.5181274414062,1960.5897216796875,139.11318969726562
2019-06-27,633.02294921875,1959.1549072265625,137.14425659179688
2019-06-28,634.2794189453125,1937.106689453125,136.3664093017578
2019-07-01,633.6728515625,1947.84814453125,137.0956268310547
2019-07-02,641.2113037109375,1958.763671875,138.1894989013672
2019-07-03,633.6728515625,1946.196044921875,137.5088653564453
2019-07-04,635.8389892578125,1950.544921875,137.99502563476562
2019-07-05,622.1483154296875,1881.35595703125,132.1611785888672
2019-07-08,621.8018188476562,1892.0533447265625,129.75469970703125
2019-07-09,619.98193359375,1855.4808349609375,129.0740966796875
2019-07-10,621.4984130859375,1833.6063232421875,129.7790069580078
2019-07-11,625.1810302734375,1828.6922607421875,130.1679229736328
2019-07-12,629.7303466796875,1833.0845947265625,125.88977813720703
2019-07-15,675.3082275390625,1866.2220458984375,126.35161590576172
2019-07-16,680.0740356445312,1835.971435546875,126.40023040771484
2019-07-17,688.132568359375,1845.779052734375,126.20577239990234
2019-07-18,686.8760375976562,1801.0560302734375,130.82424926757812
2019-07-19,680.550537109375,1810.6461181640625,128.68519592285156
2019-07-22,679.6840209960938,1839.3712158203125,128.73377990722656
2019-07-23,684.579833984375,1841.593994140625,128.58792114257812
2019-07-24,681.3303833007812,1827.9508056640625,128.4420928955078
2019-07-25,688.4357299804688,1855.0631103515625,127.49408721923828
2019-07-26,681.9368896484375,1838.6302490234375,128.150390625
2019-07-29,685.79296875,1856.89404296875,127.56700897216797
2019-07-30,686.8760375976562,1899.7420654296875,127.51837921142578
2019-07-31,687.6992797851562,1922.887451171875,128.97683715820312
2019-08-01,666.2100219726562,1900.527099609375,131.4562530517578
2019-08-02,672.058837890625,1922.5389404296875,128.17471313476562
2019-08-05,673.0120239257812,1960.28759765625,127.37255859375
2019-08-06,671.0623779296875,1930.908203125,125.86546325683594
2019-08-07,672.4920654296875,1929.6439208984375,127.63992309570312
2019-08-08,683.4533081054688,1968.5694580078125,129.19561767578125
2019-08-09,684.4065551757812,1958.2388916015625,128.10177612304688
2019-08-13,662.6573486328125,1917.4384765625,125.6709976196289
2019-08-14,671.3656616210938,1921.7542724609375,122.04916381835938
2019-08-16,671.14892578125,1887.4935302734375,121.14977264404297
2019-08-19,673.8350830078125,1885.662841796875,122.55960845947266
2019-08-20,686.91943359375,1906.367431640625,123.14300537109375
2019-08-21,692.7249145507812,1905.8878173828125,122.70545196533203
2019-08-22,689.4754028320312,1931.867431640625,122.53530883789062
2019-08-23,695.1077270507812,1959.50244140625,122.21930694580078
2019-08-26,695.4110107421875,1984.435546875,121.10115051269531
2019-08-27,679.9007568359375,1949.7384033203125,121.5873031616211
2019-08-28,695.36767578125,1952.136474609375,121.174072265625
2019-08-29,699.2236938476562,1947.0799560546875,120.9552993774414
2019-08-30,706.1123657226562,1969.876708984375,123.67776489257812
2019-09-03,705.5491333007812,1962.9027099609375,123.31314849853516
2019-09-04,711.6578979492188,1957.49755859375,124.47991943359375
2019-09-05,722.705810546875,1931.25732421875,124.26116180419922
2019-09-06,727.9915771484375,1915.7396240234375,122.51099395751953
2019-09-09,718.4166259765625,1902.9676513671875,124.26116180419922
2019-09-11,710.6181030273438,1877.81689453125,120.63929748535156
2019-09-12,707.4120483398438,1860.0323486328125,118.88914489746094
2019-09-13,718.5900268554688,1867.3115234375,119.278076171875
2019-09-16,717.20361328125,1874.32958984375,120.12884521484375
2019-09-17,720.2797241210938,1850.486328125,118.6946792602539
2019-09-18,719.0664672851562,1864.3477783203125,118.76760864257812
2019-09-19,711.1380004882812,1832.4407958984375,117.40637969970703
2019-09-20,697.5340576171875,1800.6204833984375,119.56975555419922
2019-09-23,662.3106079101562,1757.336669921875,116.36114501953125
2019-09-24,688.0457763671875,1782.531005859375,117.01744842529297
2019-09-25,686.8326416015625,1820.67138671875,116.09375762939453
2019-09-26,678.0809326171875,1819.930419921875,115.26728820800781
2019-09-27,677.7777709960938,1792.5130615234375,115.02421569824219
2019-09-30,698.0972290039062,1830.130126953125,116.57991790771484
2019-10-01,687.6124877929688,1795.8260498046875,113.51713562011719
2019-10-03,680.7237548828125,1796.0872802734375,114.65960693359375
2019-10-04,687.5259399414062,1812.738525390625,115.5589828491211
2019-10-07,684.1465454101562,1785.1466064453125,115.24298858642578
2019-10-09,679.0341796875,1761.0853271484375,115.58329010009766
2019-10-10,678.5142822265625,1747.44189453125,116.28821563720703
2019-10-11,706.0257568359375,1732.098388671875,116.40975189208984
2019-10-14,681.1571044921875,1761.8697509765625,118.35437774658203
2019-10-15,665.7333374023438,1776.080078125,118.45159912109375
2019-10-16,668.4628295898438,1784.01318359375,121.00392150878906
2019-10-17,666.773193359375,1805.842041015625,120.49345397949219
2019-10-18,665.3433837890625,1829.3160400390625,121.00392150878906
2019-10-22,557.6372680664062,1824.025146484375,123.26453399658203
2019-10-23,570.8422241210938,1840.652587890625,123.6534652709961
2019-10-24,557.461669921875,1851.233642578125,121.34423065185547
2019-10-25,559.3042602539062,1889.423095703125,122.99715423583984
2019-10-27,569.3067626953125,1881.198486328125,123.31314849853516
2019-10-29,570.8861694335938,1951.5758056640625,124.06668853759766
2019-10-30,579.6162719726562,2003.1021728515625,123.84793090820312
2019-10-31,601.5515747070312,2018.0849609375,126.0599136352539
2019-11-01,603.569580078125,1956.9549560546875,125.71961975097656
2019-11-04,622.0829467773438,1950.7752685546875,124.747314453125
2019-11-05,610.7643432617188,1957.799560546875,125.6709976196289
2019-11-06,624.9783935546875,1945.92919921875,124.86885833740234
2019-11-07,631.8221435546875,1943.1282958984375,126.2300796508789
2019-11-08,621.3372802734375,1893.868896484375,124.65007781982422
2019-11-11,618.046875,1868.0830078125,124.67439270019531
2019-11-13,606.5965576171875,1937.12646484375,123.04576873779297
2019-11-14,618.8365478515625,1953.3094482421875,122.87561798095703
2019-11-15,617.608154296875,1933.436279296875,122.77838897705078
2019-11-18,618.7488403320312,1914.00830078125,121.27130126953125
2019-11-19,625.4609375,1875.0628662109375,121.73314666748047
2019-11-20,625.5925903320312,1874.8408203125,121.00392150878906
2019-11-21,625.8118896484375,1883.33251953125,120.34761047363281
2019-11-22,608.2199096679688,1842.0751953125,118.18421936035156
2019-11-25,612.5192260742188,1850.7890625,118.1355972290039
2019-11-26,605.9385986328125,1819.8017578125,115.48606872558594
2019-11-27,610.4573364257812,1826.6038818359375,116.70144653320312
2019-11-28,615.8094482421875,1847.0989990234375,116.57991790771484
2019-11-29,610.9837036132812,1825.6700439453125,115.5589828491211
2019-12-02,607.7811889648438,1797.0391845703125,115.99652099609375
2019-12-03,612.7383422851562,1823.6697998046875,115.12144470214844
2019-12-04,621.9512329101562,1848.121826171875,117.7466812133789
2019-12-05,627.2157592773438,1886.1778564453125,118.47590637207031
2019-12-06,627.43505859375,1888.2230224609375,117.16329956054688
2019-12-09,629.3215942382812,1832.0723876953125,116.87159729003906
2019-12-10,626.9524536132812,1789.748046875,115.77774810791016
2019-12-11,632.6557006835938,1815.57861328125,116.70144653320312
2019-12-12,616.0288696289062,1796.9056396484375,116.40975189208984
2019-12-13,624.1010131835938,1841.6751708984375,118.54884338378906
2019-12-16,626.469970703125,1891.0234375,118.2085189819336
2019-12-17,640.2452392578125,1924.989013671875,118.98637390136719
2019-12-18,642.6582641601562,1927.4793701171875,120.71222686767578
2019-12-19,641.2543334960938,1981.98486328125,121.14977264404297
2019-12-20,641.8684692382812,1976.5157470703125,122.41376495361328
2019-12-23,645.7730712890625,1984.3411865234375,123.41038513183594
2019-12-24,643.49169921875,1970.02587890625,122.63253784179688
2019-12-26,639.5872802734375,1957.8885498046875,121.68453979492188
2019-12-27,646.6065063476562,1954.8211669921875,120.34761047363281
2019-12-30,643.0530395507812,1941.2166748046875,121.0282211303711
2019-12-31,641.517578125,1922.0997314453125,119.49683380126953
2020-01-01,646.518798828125,1927.345947265625,120.4205322265625
2020-01-02,644.63232421875,1918.4989013671875,120.71222686767578
2020-01-03,654.547119140625,1956.7322998046875,122.0734634399414
2020-01-06,648.2736206054688,1956.554931640625,122.58391571044922
2020-01-07,638.666015625,1961.3568115234375,124.06668853759766
2020-01-08,630.1551513671875,2005.2803955078125,123.87223052978516
2020-01-09,638.3588256835938,1968.9141845703125,123.31314849853516
2020-01-10,647.659423828125,1968.202880859375,122.38946533203125
2020-01-13,678.7196655273438,1947.5738525390625,123.87223052978516
2020-01-14,680.562255859375,1962.2901611328125,125.03900146484375
2020-01-15,673.4552612304688,1980.0731201171875,120.68791961669922
2020-01-16,672.97265625,1990.654296875,121.75745391845703
2020-01-17,673.7183837890625,1973.1373291015625,122.0734634399414
2020-01-20,674.2448120117188,1929.791015625,120.56637573242188
2020-01-21,669.024169921875,1930.4134521484375,120.12884521484375
2020-01-22,675.7803344726562,1962.2901611328125,119.52114868164062
2020-01-23,688.1956787109375,1952.5316162109375,120.90668487548828
2020-01-24,686.7918701171875,1945.802734375,120.85787963867188
2020-01-27,682.7118530273438,1933.1929931640625,119.7596206665039
2020-01-28,682.6242065429688,1946.114990234375,119.12506866455078
2020-01-29,692.889892578125,1920.1373291015625,120.44297790527344
2020-01-30,684.9931640625,1905.209716796875,117.4898681640625
2020-01-31,680.825439453125,1852.8084716796875,115.58621215820312
2020-02-03,673.3236694335938,1873.7064208984375,115.87907409667969
2020-02-04,691.2665405273438,1878.3853759765625,117.27021026611328
2020-02-05,688.3711547851562,1912.96337890625,118.24644470214844
2020-02-06,676.789306640625,1896.7435302734375,118.9298095703125
2020-02-07,682.0098266601562,1904.051513671875,119.07624053955078
2020-02-10,678.4125366210938,1926.687255859375,117.58748626708984
2020-02-11,678.7196655273438,1919.0677490234375,117.75833129882812
2020-02-12,685.3001708984375,1934.529541015625,119.32030487060547
2020-02-13,695.1272583007812,1953.422607421875,118.97863006591797
2020-02-14,690.038330078125,1946.515869140625,118.56372833251953
2020-02-17,692.6705322265625,1963.4927978515625,119.0030288696289
2020-02-18,699.8653564453125,1974.6329345703125,119.12506866455078
2020-02-19,702.3218994140625,1957.34375,120.85787963867188
2020-02-20,699.2948608398438,1922.09814453125,119.93045806884766
2020-02-24,698.285888671875,1885.158203125,119.19828033447266
2020-02-25,700.5233154296875,1921.51806640625,119.14946746826172
2020-02-26,686.7918701171875,1892.5107421875,117.09937286376953
2020-02-27,682.4925537109375,1876.3800048828125,113.0479965209961
2020-02-28,642.0000610351562,1782.49462890625,108.0936050415039
2020-03-02,650.2039184570312,1783.5191650390625,107.77633666992188
2020-03-03,655.4243774414062,1814.6209716796875,109.19186401367188
2020-03-04,665.7340087890625,1856.50634765625,111.70568084716797
2020-03-05,662.0927734375,1893.8028564453125,112.12057495117188
2020-03-06,648.361328125,1886.13818359375,109.11865234375
2020-03-09,618.0906982421875,1757.719482421875,104.65237426757812
2020-03-11,601.9025268554688,1741.0989990234375,104.01783752441406
2020-03-12,553.8204956054688,1577.25537109375,97.18418884277344
2020-03-13,563.6036376953125,1609.7391357421875,96.35438537597656
2020-03-16,511.6611022949219,1511.7984619140625,87.73910522460938
2020-03-17,486.91802978515625,1477.5767822265625,84.49312591552734
2020-03-18,468.7995910644531,1474.36865234375,82.95555877685547
2020-03-19,478.67041015625,1468.9378662109375,79.24586486816406
2020-03-20,513.4596557617188,1613.5555419921875,87.47064208984375
2020-03-23,461.9118957519531,1498.8756103515625,83.05318450927734
2020-03-24,517.4956665039062,1528.903564453125,86.07951354980469
2020-03-25,531.8853759765625,1571.229736328125,85.24971008300781
2020-03-26,564.1739501953125,1607.720703125,89.13024139404297
2020-03-27,572.684814453125,1637.8380126953125,89.56954956054688
2020-03-30,549.8721923828125,1596.5445556640625,89.88682556152344
2020-03-31,562.8577880859375,1639.274658203125,96.01270294189453
2020-04-01,528.902099609375,1533.930419921875,92.49825286865234
2020-04-03,513.8983764648438,1484.961181640625,87.86114501953125
2020-04-07,560.664306640625,1593.58203125,93.66973114013672
2020-04-08,554.1714477539062,1530.9677734375,94.15785217285156
2020-04-09,558.2513427734375,1585.458251953125,96.01270294189453
2020-04-13,559.2604370117188,1579.2640380859375,92.35182189941406
2020-04-15,560.7081909179688,1557.629638671875,91.05831146240234
2020-04-16,547.3714599609375,1540.483642578125,91.69287109375
2020-04-17,551.6708984375,1621.410400390625,91.27796936035156
2020-04-20,573.2112426757812,1632.5867919921875,88.3980712890625
2020-04-21,555.5753173828125,1559.873779296875,86.90930938720703
2020-04-22,563.1649169921875,1588.4656982421875,87.15337371826172
2020-04-23,596.0238037109375,1686.0889892578125,88.3004379272461
2020-04-24,577.3350830078125,1632.4971923828125,86.76287078857422
2020-04-27,583.1258544921875,1648.7003173828125,88.86177825927734
2020-04-28,579.7041015625,1668.8536376953125,87.71470642089844
2020-04-29,593.6110229492188,1710.6861572265625,88.17841339111328
2020-04-30,627.7860717773438,1808.355224609375,93.20602416992188
2020-05-04,591.1104125976562,1732.9486083984375,92.7667236328125
2020-05-05,591.1104125976562,1735.013427734375,89.9112319946289
2020-05-06,584.2665405273438,1708.845947265625,91.3023681640625
2020-05-07,583.4330444335938,1698.118408203125,89.8624267578125
2020-05-08,591.549072265625,1699.6893310546875,89.81361389160156
2020-05-11,599.1826171875,1737.302490234375,90.1552963256836
2020-05-12,603.3502807617188,1750.0496826171875,91.3023681640625
2020-05-13,609.053466796875,1750.1849365234375,92.59587860107422
2020-05-14,577.4667358398438,1707.7235107421875,90.78984832763672
2020-05-15,572.3338012695312,1699.2403564453125,89.71598052978516
2020-05-18,582.5118408203125,1746.548828125,88.93499755859375
2020-05-19,586.6356201171875,1749.286865234375,90.00885772705078
2020-05-20,587.4690551757812,1753.7303466796875,90.2773208618164
2020-05-21,589.7942504882812,1787.4833984375,92.30300903320312
2020-05-22,607.47412109375,1813.6513671875,92.25419616699219
2020-05-26,597.1206665039062,1744.215087890625,92.15657043457031
2020-05-27,618.9681396484375,1800.140869140625,98.233642578125
2020-05-28,620.6790771484375,1799.2432861328125,97.30621337890625
2020-05-29,614.5424194335938,1770.5618896484375,103.87139892578125
2020-06-01,622.1464233398438,1836.00341796875,104.96965789794922
2020-06-02,629.7503662109375,1837.7095947265625,105.36014556884766
2020-06-03,623.9251708984375,1842.211181640625,103.16361999511719
2020-06-04,629.439208984375,1883.0860595703125,105.5553970336914
2020-06-05,625.703857421875,1844.1015625,106.77568817138672
2020-06-08,641.0897216796875,1865.259521484375,110.53419494628906
2020-06-09,638.1993408203125,1865.529541015625,106.5804443359375
2020-06-10,636.6429443359375,1898.5716552734375,105.9214859008789
2020-06-11,626.0596313476562,1861.5679931640625,103.92019653320312
2020-06-12,615.4763793945312,1836.2237548828125,101.4796142578125
2020-06-15,611.474365234375,1827.5809326171875,104.35951232910156
2020-06-16,623.6139526367188,1841.89599609375,103.67613983154297
2020-06-17,625.7928466796875,1843.6966552734375,106.31198120117188
2020-06-18,634.9085693359375,1834.9635009765625,106.48281860351562
2020-06-19,627.4826049804688,1840.8155517578125,108.386474609375
2020-06-22,625.83740234375,1825.8250732421875,106.43400573730469
2020-06-23,640.9118041992188,1832.4423828125,107.67870330810547
2020-06-24,635.1309814453125,1838.6546630859375,106.5072250366211
2020-06-25,622.9913940429688,1815.1561279296875,106.5072250366211
2020-06-26,665.4135131835938,1907.6651611328125,110.04608154296875
2020-06-29,650.7835083007812,1892.17919921875,107.23939514160156
2020-06-30,654.51904296875,1874.6229248046875,107.21499633789062
2020-07-01,650.9171142578125,1883.5361328125,106.92212677001953
2020-07-02,672.8840942382812,1942.147705078125,109.43592834472656
2020-07-03,678.3091430664062,1980.4117431640625,109.72880554199219
2020-07-06,679.4652709960938,2037.627685546875,108.67935180664062
2020-07-07,706.2792358398438,2043.659912109375,109.7776107788086
2020-07-08,688.9813842773438,1997.7431640625,108.89900207519531
2020-07-09,695.206787109375,1984.6435546875,108.16682434082031
2020-07-10,695.3402709960938,2000.8492431640625,108.410888671875
2020-07-13,708.8582763671875,1998.7335205078125,111.09552764892578
2020-07-14,696.5853271484375,1955.4722900390625,109.82642364501953
2020-07-15,739.0073852539062,2011.2476806640625,128.25286865234375
2020-07-16,810.2000122070312,2016.5267333984375,127.83794403076172
2020-07-17,803.2186889648438,1985.8463134765625,127.56949615478516
2020-07-20,830.921875,1992.29833984375,132.18218994140625
2020-07-21,833.1008911132812,2007.774169921875,132.45068359375
2020-07-22,816.336669921875,1977.0037841796875,129.83924865722656
2020-07-23,807.4874877929688,1959.18212890625,130.13211059570312
2020-07-24,820.7388916015625,1946.7301025390625,132.06016540527344
2020-07-27,843.5064697265625,1991.3062744140625,131.23036193847656
2020-07-28,856.3129272460938,2084.20361328125,134.4519500732422
2020-07-29,848.57568359375,2053.7939453125,135.20851135253906
2020-07-30,855.0679321289062,2056.9072265625,138.67417907714844
2020-07-31,859.114501953125,2058.62158203125,137.1365966796875
2020-08-03,851.0214233398438,2034.0316162109375,137.42945861816406
2020-08-04,844.7513427734375,2030.0167236328125,137.18540954589844
2020-08-05,840.1712036132812,2038.8604736328125,135.79428100585938
2020-08-06,863.427734375,2082.714599609375,136.50204467773438
2020-08-07,845.6852416992188,2071.208984375,135.40377807617188
2020-08-10,846.0853881835938,2059.884521484375,135.40377807617188
2020-08-11,843.5064697265625,2057.267578125,136.50204467773438
2020-08-12,849.2871704101562,2036.9200439453125,134.8180389404297
2020-08-13,845.9520263671875,2034.3031005859375,135.20851135253906
2020-08-14,848.08642578125,2023.204345703125,134.9644775390625
2020-08-17,851.554931640625,2033.3555908203125,137.62472534179688
2020-08-18,860.4929809570312,2048.10888671875,137.9907989501953
2020-08-19,853.15576171875,2036.2435302734375,136.5508575439453
2020-08-20,849.4650268554688,2032.859130859375,133.841796875
2020-08-21,843.8175659179688,2029.0242919921875,133.42691040039062
2020-08-24,842.572509765625,2028.573486328125,133.10963439941406
2020-08-25,834.3014526367188,2023.6556396484375,131.76730346679688
2020-08-26,845.5963745117188,2033.4459228515625,132.79234313964844
2020-08-27,842.26123046875,2028.843017578125,132.9387969970703
2020-08-28,831.7669677734375,2019.9559326171875,132.79234313964844
2020-08-31,825.8526611328125,2036.8291015625,132.42623901367188
2020-09-01,813.0015258789062,2026.994140625,132.57269287109375
2020-09-02,821.76171875,2043.9586181640625,133.59776306152344
2020-09-03,832.0336303710938,2074.95361328125,138.0640106201172
2020-09-04,817.4483032226562,2065.298828125,134.7204132080078
2020-09-07,822.6954956054688,2099.81396484375,136.062744140625
2020-09-08,835.3687744140625,2118.898681640625,137.91757202148438
2020-09-09,825.0967407226562,2100.354248046875,138.0640106201172
2020-09-10,836.0357666015625,2103.513427734375,138.893798828125
2020-09-11,841.0606079101562,2142.268798828125,143.16482543945312
2020-09-14,870.1424560546875,2248.114501953125,149.94969177246094
2020-09-15,873.7443237304688,2248.114501953125,150.0229034423828
2020-09-16,890.9088134765625,2258.58251953125,152.36585998535156
2020-09-17,899.1353759765625,2220.638427734375,152.14620971679688
2020-09-18,891.2647094726562,2210.66748046875,154.4891815185547
2020-09-21,898.1570434570312,2224.5634765625,152.2438201904297
2020-09-22,896.0226440429688,2276.584716796875,152.4146728515625
2020-09-23,906.9170532226562,2226.503662109375,153.68377685546875
2020-09-24,867.4744262695312,2104.505859375,148.72938537597656
2020-09-25,899.5355224609375,2185.76318359375,153.22006225585938
2020-09-28,898.6017456054688,2189.3720703125,152.07298278808594
2020-09-29,897.3565673828125,2245.4072265625,152.04859924316406
2020-09-30,896.6896362304688,2248.926513671875,153.04922485351562
2020-10-01,905.049560546875,2277.03515625,152.80516052246094
2020-10-05,932.6638793945312,2441.5791015625,163.00682067871094
2020-10-06,938.9337768554688,2449.248291015625,161.1031494140625
2020-10-07,948.5389404296875,2468.784912109375,163.665771484375
2020-10-08,972.684814453125,2549.77099609375,175.4538116455078
2020-10-09,984.3353271484375,2538.26611328125,182.55593872070312
2020-10-12,1006.8358154296875,2553.65087890625,184.2643280029297
2020-10-13,1029.6923828125,2550.537841796875,183.50775146484375
2020-10-14,1011.1937866210938,2546.0517578125,171.06076049804688
2020-10-15,985.6248779296875,2483.523681640625,166.7409210205078
2020-10-16,1002.7449340820312,2504.09521484375,165.78907775878906
2020-10-19,1001.3219604492188,2457.198974609375,167.5218963623047
2020-10-20,1011.6383056640625,2482.074462890625,169.25473022460938
2020-10-21,1021.2879028320312,2424.440673828125,167.64393615722656
2020-10-22,1004.1234130859375,2420.5888671875,168.13206481933594
2020-10-23,1009.0222778320312,2434.770751953125,167.13140869140625
2020-10-26,999.98828125,2436.0390625,165.86228942871094
2020-10-27,980.572021484375,2383.4345703125,163.0556182861328
2020-10-28,967.7177124023438,2376.230712890625,163.83660888671875
2020-10-29,966.1893920898438,2385.7001953125,164.71522521972656
2020-10-30,953.3800048828125,2414.8798828125,166.30162048339844
2020-11-02,963.8973388671875,2360.28173828125,163.4217071533203
2020-11-03,955.1331176757812,2386.5615234375,163.83660888671875
2020-11-04,983.3585815429688,2404.27685546875,167.39988708496094
2020-11-05,992.3927001953125,2433.7744140625,168.59576416015625
2020-11-06,1000.2581787109375,2453.484375,168.7666015625
2020-11-09,1021.6519775390625,2470.83740234375,171.79293823242188
2020-11-10,980.751953125,2401.06103515625,167.08261108398438
2020-11-11,1009.0222778320312,2435.67724609375,169.25473022460938
2020-11-12,1004.7528076171875,2420.498046875,168.66897583007812
2020-11-13,1010.5504760742188,2407.63037109375,167.98561096191406
2020-11-14,1018.865234375,2419.863525390625,168.62017822265625
2020-11-17,1010.1010131835938,2415.96728515625,170.20655822753906
2020-11-18,998.280517578125,2380.2626953125,168.5469512939453
2020-11-19,985.8756713867188,2389.551513671875,167.2290496826172
2020-11-20,991.8082885742188,2410.711181640625,169.0350799560547
2020-11-23,1024.618408203125,2468.707763671875,173.69659423828125
2020-11-24,1024.798095703125,2466.714111328125,173.52574157714844
2020-11-25,1002.8650512695312,2447.91064453125,170.8411102294922
2020-11-26,1000.6625366210938,2465.400390625,173.20846557617188
2020-11-27,988.7969360351562,2428.290771484375,171.0851593017578
2020-12-01,1022.8206176757812,2471.018798828125,172.23223876953125
2020-12-02,1025.5625,2491.63427734375,175.18533325195312
2020-12-03,1012.572998046875,2455.296142578125,175.86871337890625
2020-12-04,1019.9439697265625,2471.697998046875,176.11276245117188
2020-12-07,1027.8994140625,2480.896240234375,174.96571350097656
2020-12-08,1036.75341796875,2534.90576171875,177.52833557128906
2020-12-09,1056.39453125,2547.13916015625,175.47821044921875
2020-12-10,1049.6978759765625,2523.125,173.7209930419922
2020-12-11,1045.60791015625,2522.49072265625,172.54949951171875
2020-12-14,1046.821533203125,2535.26806640625,170.52383422851562
2020-12-15,1037.8775634765625,2502.50927734375,172.15902709960938
2020-12-16,1047.855224609375,2550.22021484375,174.9412841796875
2020-12-17,1042.01220703125,2571.96923828125,174.20909118652344
2020-12-18,1069.51904296875,2592.630615234375,177.45509338378906
2020-12-21,1058.2823486328125,2555.612060546875,172.76918029785156
2020-12-22,1097.1153564453125,2603.0517578125,177.77236938476562
2020-12-23,1126.3746337890625,2635.901123046875,188.1936798095703
2020-12-24,1111.0933837890625,2636.445068359375,186.55848693847656
2020-12-28,1114.913818359375,2654.614501953125,186.90016174316406
2020-12-29,1123.90283203125,2655.611328125,187.92520141601562
2020-12-30,1120.7567138671875,2636.3994140625,187.63233947753906
2020-12-31,1128.8466796875,2594.216552734375,188.5353546142578
2021-01-01,1133.026611328125,2653.572021484375,189.43838500976562
2021-01-04,1158.0159912109375,2754.341064453125,193.48976135253906
2021-01-05,1163.0050048828125,2802.8681640625,198.3220977783203
2021-01-06,1152.48779296875,2765.26123046875,198.37091064453125
2021-01-07,1134.5548095703125,2748.31494140625,198.54176330566406
2021-01-08,1179.455078125,2828.15087890625,209.98814392089844
2021-01-11,1237.0748291015625,2878.490234375,218.09085083007812
2021-01-12,1233.07470703125,2877.040283203125,223.41136169433594
2021-01-13,1246.91796875,2862.6318359375,224.04591369628906
2021-01-14,1231.9512939453125,2951.38134765625,221.77615356445312
2021-01-15,1208.98388671875,2935.629150390625,214.06390380859375
2021-01-18,1179.4102783203125,2925.096923828125,210.64707946777344
2021-01-19,1183.5450439453125,2960.460693359375,210.0125274658203
2021-01-20,1204.0404052734375,3004.132080078125,217.18785095214844
2021-01-21,1204.2646484375,2972.399658203125,217.6027374267578
2021-01-22,1205.298583984375,2998.95654296875,217.5782928466797
2021-01-25,1191.140625,2988.242919921875,213.9091796875
2021-01-27,1169.47705078125,2960.778564453125,218.40997314453125
2021-01-28,1147.18408203125,2902.217529296875,211.29188537597656
2021-01-29,1113.7899169921875,2824.863037109375,204.44287109375
2021-02-01,1133.430908203125,2850.284423828125,206.2040557861328
2021-02-02,1142.734619140625,2908.4814453125,209.55517578125
2021-02-03,1154.7801513671875,2905.39501953125,212.0746307373047
2021-02-04,1150.0157470703125,2894.86279296875,210.31344604492188
2021-02-05,1143.4986572265625,2867.171630859375,208.18536376953125
2021-02-08,1171.7694091796875,2918.151123046875,212.9552001953125
2021-02-09,1173.5672607421875,2884.376708984375,214.93653869628906
2021-02-10,1165.43212890625,2917.4248046875,214.7653045654297
2021-02-11,1161.9713134765625,2910.79736328125,213.78688049316406
2021-02-12,1177.387451171875,2896.996826171875,216.2329559326172
2021-02-15,1177.252685546875,2850.73828125,215.10775756835938
2021-02-16,1159.9488525390625,2822.547607421875,214.05593872070312
2021-02-17,1151.7686767578125,2790.134521484375,210.46022033691406
2021-02-18,1161.79150390625,2775.834716796875,211.80557250976562
2021-02-19,1160.758056640625,2788.999267578125,210.33792114257812
2021-02-22,1137.29638671875,2686.041259765625,204.83425903320312
2021-02-23,1138.3302001953125,2705.788330078125,203.26876831054688
2021-02-24,1145.4764404296875,2676.64453125,206.98678588867188
2021-02-25,1145.7010498046875,2719.498046875,206.106201171875
2021-02-26,1126.599609375,2627.797119140625,200.72482299804688
2021-03-01,1138.9146728515625,2654.945068359375,202.73062133789062
2021-03-02,1172.6234130859375,2729.5302734375,210.5580596923828
2021-03-03,1207.7257080078125,2777.423095703125,213.0530548095703
2021-03-04,1195.860107421875,2768.888916015625,214.66746520996094
2021-03-05,1183.590087890625,2731.07373046875,205.8860626220703
2021-03-08,1200.7142333984375,2730.075439453125,203.9536590576172
2021-03-09,1209.5235595703125,2770.023193359375,205.078857421875
2021-03-10,1229.8388671875,2788.18212890625,208.7479705810547
2021-03-12,1235.861572265625,2776.379150390625,208.01416015625
2021-03-15,1234.7376708984375,2783.824462890625,208.57675170898438
2021-03-16,1244.08642578125,2823.681640625,210.01991271972656
2021-03-17,1246.7830810546875,2826.314697265625,205.2989959716797
2021-03-18,1201.9276123046875,2756.904296875,200.65145874023438
2021-03-19,1208.53466796875,2769.3427734375,200.82269287109375
2021-03-22,1232.220947265625,2841.476806640625,202.75509643554688
2021-03-23,1232.8951416015625,2853.234619140625,203.26876831054688
2021-03-24,1216.89453125,2833.71484375,201.0673065185547
2021-03-25,1198.96142578125,2782.64453125,195.51470947265625
2021-03-26,1201.1185302734375,2784.41455078125,197.5938720703125
2021-03-30,1245.255126953125,2867.71630859375,204.5407257080078
2021-03-31,1229.7489013671875,2885.238525390625,202.60830688476562
2021-04-01,1245.1651611328125,2873.571533203125,203.70904541015625
2021-04-05,1267.368408203125,2940.66796875,208.13645935058594
2021-04-06,1268.40185546875,2964.091796875,208.96810913085938
2021-04-07,1285.615966796875,2970.175048828125,214.27609252929688
2021-04-08,1294.2904052734375,3011.894287109375,216.28187561035156
2021-04-09,1295.3690185546875,3016.34326171875,220.1956024169922
2021-04-12,1281.61572265625,2947.61376953125,211.63433837890625
2021-04-13,1255.9071044921875,2818.234619140625,204.95655822753906
2021-04-15,1223.1868896484375,2922.554443359375,210.704833984375
2021-04-16,1216.89453125,2900.946044921875,229.5395965576172
2021-04-19,1224.804931640625,2870.666748046875,231.27630615234375
2021-04-20,1214.7371826171875,2855.005126953125,229.9799041748047
2021-04-22,1214.512451171875,2831.6259765625,238.07638549804688
2021-04-23,1198.96142578125,2823.182861328125,232.71949768066406
2021-04-26,1207.7257080078125,2815.28369140625,234.96987915039062
2021-04-27,1212.1751708984375,2843.61083984375,237.29364013671875
2021-04-28,1218.9169921875,2836.4384765625,239.37281799316406
2021-04-29,1219.231689453125,2828.4033203125,239.64187622070312
2021-04-30,1217.43408203125,2756.1328125,241.06060791015625
2021-05-03,1215.366455078125,2757.3583984375,238.41885375976562
2021-05-04,1195.00634765625,2768.934326171875,235.77708435058594
2021-05-05,1205.8829345703125,2810.6533203125,240.00880432128906
2021-05-06,1223.9508056640625,2824.953369140625,250.62474060058594
2021-05-07,1215.8157958984375,2844.428466796875,252.06793212890625
2021-05-10,1204.130126953125,2855.86767578125,257.30255126953125
2021-05-11,1196.1298828125,2835.07666015625,253.60897827148438
2021-05-12,1192.8487548828125,2803.29931640625,248.325439453125
2021-05-14,1183.3201904296875,2770.523193359375,243.84913635253906
2021-05-17,1195.00634765625,2787.09228515625,244.5095672607422
2021-05-18,1204.5345458984375,2804.388671875,248.54559326171875
2021-05-19,1201.837890625,2798.21435546875,250.3067626953125
2021-05-20,1203.905517578125,2778.240966796875,248.6434326171875
2021-05-21,1217.56884765625,2796.85302734375,250.82044982910156
2021-05-24,1211.7708740234375,2797.760498046875,251.896728515625
2021-05-25,1223.9508056640625,2841.097900390625,253.19313049316406
2021-05-26,1255.9969482421875,2881.698486328125,257.9385070800781
2021-05-27,1260.4913330078125,2901.313720703125,264.6163330078125
2021-05-28,1263.008544921875,2868.10400390625,263.5400390625
2021-05-31,1266.3702392578125,2882.290771484375,263.71124267578125
2021-06-01,1260.4188232421875,2876.679931640625,265.5458068847656
2021-06-02,1252.650146484375,2855.194580078125,265.6436462402344
2021-06-03,1262.6451416015625,2865.9599609375,263.71124267578125
2021-06-04,1259.010498046875,2868.240966796875,264.7630920410156
2021-06-07,1262.6451416015625,2904.2333984375,268.2120361328125
2021-06-08,1283.8154296875,2919.697998046875,269.3616638183594
2021-06-09,1285.95068359375,2919.78955078125,266.230712890625
2021-06-10,1294.1282958984375,2934.888427734375,271.1473083496094
2021-06-11,1314.662841796875,2986.893798828125,271.1717834472656
2021-06-14,1328.200927734375,2989.22021484375,274.7430419921875
2021-06-15,1339.1953125,2976.8125,272.9329833984375
2021-06-16,1345.2828369140625,2987.3955078125,271.63653564453125
2021-06-17,1358.6392822265625,3026.9921875,273.3243103027344
2021-06-18,1365.9080810546875,3008.333984375,268.9703063964844
2021-06-21,1363.1824951171875,2986.2548828125,265.2278137207031
2021-06-22,1373.6767578125,3011.892578125,272.27252197265625
2021-06-23,1365.771728515625,2975.580078125,264.2493896484375
2021-06-24,1416.6990966796875,3077.947509765625,268.6033935546875
2021-06-25,1430.3282470703125,3084.516357421875,267.8451232910156
2021-06-28,1428.147705078125,3044.326416015625,267.7962341308594
2021-06-29,1420.197265625,3048.0673828125,265.4479675292969
2021-06-30,1436.3251953125,3052.53857421875,266.9400634765625
2021-07-01,1417.7894287109375,3048.66064453125,263.8580017089844
2021-07-02,1424.51318359375,3034.0166015625,263.4910888671875
2021-07-05,1434.6441650390625,3029.957275390625,262.3903503417969
2021-07-06,1419.425048828125,2976.401123046875,260.5558166503906
2021-07-07,1421.6055908203125,2987.943359375,260.335693359375
2021-07-08,1418.107421875,2972.9345703125,259.7730712890625
2021-07-09,1420.06103515625,2926.9970703125,257.2291564941406
2021-07-12,1406.3865966796875,2913.265625,257.25360107421875
2021-07-13,1403.7515869140625,2908.20166015625,256.764404296875
2021-07-14,1432.781494140625,2932.83642578125,274.7919921875
2021-07-15,1436.3251953125,2928.630126953125,281.73883056640625
2021-07-16,1413.2919921875,2921.178466796875,282.64385986328125
2021-07-19,1400.7984619140625,2911.851806640625,280.7114562988281
2021-07-20,1408.385498046875,2931.23583984375,277.9229431152344
2021-07-22,1444.865966796875,2940.88232421875,285.7992858886719
2021-07-23,1445.093017578125,2937.68212890625,293.1130676269531
2021-07-26,1457.3138427734375,2923.6923828125,288.8569030761719
2021-07-27,1456.0872802734375,2910.3427734375,289.34613037109375
2021-07-28,1458.8583984375,2923.921142578125,289.5907287597656
2021-07-29,1469.2166748046875,2922.091796875,288.8569030761719
2021-07-30,1463.310791015625,2896.17041015625,287.2425231933594
2021-08-02,1482.43701171875,2943.67138671875,289.73748779296875
2021-08-03,1503.92529296875,3003.560791015625,293.2353820800781
2021-08-04,1498.5191650390625,2993.549072265625,291.9634094238281
2021-08-05,1502.42626953125,3002.69287109375,293.9692077636719
2021-08-06,1499.3824462890625,3026.328857421875,292.55047607421875
2021-08-09,1511.285400390625,3038.123779296875,291.9634094238281
2021-08-10,1523.960205078125,3048.364501953125,295.4123840332031
2021-08-11,1524.2327880859375,3057.7822265625,294.14044189453125
2021-08-12,1535.181640625,3064.686279296875,296.3907775878906
2021-08-13,1555.716064453125,3166.773193359375,301.1117248535156
2021-08-16,1548.6287841796875,3175.505615234375,300.4023742675781
2021-08-17,1582.474365234375,3248.745361328125,310.6025085449219
2021-08-18,1575.02392578125,3255.602783203125,307.91180419921875
2021-08-20,1574.569580078125,3254.642822265625,303.337646484375
2021-08-23,1579.8394775390625,3325.87109375,307.6427307128906
2021-08-24,1563.575439453125,3303.74365234375,309.9420471191406
2021-08-25,1576.93212890625,3345.62109375,309.0125427246094
2021-08-26,1569.79931640625,3357.37060546875,307.6916809082031
2021-08-27,1552.626708984375,3401.5341796875,310.626953125
2021-08-30,1542.859130859375,3384.29833984375,309.4039306640625
2021-08-31,1550.4913330078125,3462.155517578125,313.5622253417969
2021-09-01,1524.4144287109375,3396.779296875,314.1003723144531
2021-09-02,1534.7271728515625,3508.14794921875,318.6990051269531
2021-09-03,1545.2218017578125,3512.992919921875,320.4846496582031
2021-09-06,1572.252685546875,3522.091552734375,335.821533203125
2021-09-07,1550.67333984375,3489.0830078125,329.85308837890625
2021-09-08,1538.497802734375,3450.90869140625,323.95806884765625
2021-09-09,1536.9986572265625,3466.681884765625,324.03143310546875
2021-09-13,1537.2713623046875,3516.011474609375,328.140869140625
2021-09-14,1532.0467529296875,3553.08837890625,329.46173095703125
2021-09-15,1555.03466796875,3615.858642578125,329.7552490234375
2021-09-16,1546.6754150390625,3568.998046875,326.72210693359375
2021-09-17,1536.72607421875,3500.010009765625,325.4501647949219
2021-09-20,1533.591552734375,3496.031982421875,324.1048278808594
2021-09-21,1561.394775390625,3532.103515625,326.59979248046875
2021-09-22,1559.9864501953125,3531.3720703125,326.868896484375
2021-09-23,1583.2923583984375,3537.864013671875,329.8775329589844
2021-09-24,1602.6455078125,3539.73876953125,330.9538269042969
2021-09-27,1563.84814453125,3508.33056640625,319.8976135253906
2021-09-28,1532.9100341796875,3455.48046875,312.9017639160156
2021-09-29,1537.58935546875,3467.138427734375,313.4643859863281
2021-09-30,1522.097412109375,3452.188720703125,310.2110900878906
2021-10-01,1512.9661865234375,3410.7236328125,311.262939453125
2021-10-04,1525.3231201171875,3450.132080078125,313.6111755371094
2021-10-05,1538.0889892578125,3504.992919921875,316.4486083984375
2021-10-06,1520.5985107421875,3484.511474609375,311.018310546875
2021-10-07,1536.45361328125,3559.48876953125,314.5406799316406
2021-10-08,1566.3011474609375,3598.577392578125,323.44439697265625
2021-10-11,1536.4080810546875,3369.94287109375,319.35943603515625
2021-10-12,1531.1383056640625,3339.998291015625,322.4414978027344
2021-10-13,1552.9901123046875,3342.146728515625,329.0458679199219
2021-10-14,1558.9415283203125,3308.479736328125,346.48638916015625
2021-10-18,1628.359130859375,3341.184326171875,347.22021484375
2021-10-19,1655.617431640625,3329.275634765625,348.100830078125
2021-10-20,1637.626953125,3306.09814453125,343.40435791015625
2021-10-21,1593.3779296875,3236.15283203125,340.6402893066406
2021-10-22,1562.621337890625,3205.326171875,333.8402099609375
2021-10-25,1551.4910888671875,3199.921142578125,326.64874267578125
2021-10-26,1561.711669921875,3190.43896484375,326.868896484375
2021-10-27,1584.857421875,3196.9892578125,328.31207275390625
2021-10-28,1561.89501953125,3134.60205078125,321.365234375
2021-10-29,1528.7579345703125,3112.70751953125,316.3996887207031
2021-11-01,1558.3660888671875,3184.7587890625,320.6558837890625
2021-11-02,1556.395263671875,3191.904541015625,319.8486633300781
2021-11-03,1560.6116943359375,3199.279541015625,319.212646484375
2021-11-04,1566.294921875,3214.3037109375,319.7997131347656
2021-11-08,1592.69482421875,3208.8984375,322.0745544433594
2021-11-09,1597.2781982421875,3211.601318359375,322.1235046386719
2021-11-10,1595.1239013671875,3191.996337890625,319.2615966796875
2021-11-11,1588.844970703125,3195.5693359375,313.9780578613281
2021-11-12,1631.8360595703125,3230.244140625,322.9062194824219
2021-11-15,1638.20703125,3255.2080078125,322.3436584472656
2021-11-16,1642.9278564453125,3258.04736328125,323.59112548828125
2021-11-17,1638.4818115234375,3226.442138671875,323.7623596191406
2021-11-18,1631.102783203125,3184.1181640625,318.6990051269531
2021-11-22,1612.7696533203125,3168.26953125,315.07879638671875
2021-11-23,1592.144775390625,3173.628662109375,314.46728515625
2021-11-24,1554.653564453125,3154.436279296875,311.3852233886719
2021-11-25,1578.8533935546875,3156.817626953125,311.48309326171875
2021-11-26,1550.666015625,3157.68798828125,304.0225524902344
2021-11-29,1554.9742431640625,3208.211181640625,308.49884033203125
2021-11-30,1569.915771484375,3233.083740234375,311.7521667480469
2021-12-01,1571.9783935546875,3277.652099609375,310.5535888671875
2021-12-02,1602.5489501953125,3337.291259765625,316.42413330078125
2021-12-03,1590.907470703125,3335.046875,313.4643859863281
2021-12-06,1554.0118408203125,3239.725341796875,305.5146789550781
2021-12-07,1568.999267578125,3283.791015625,309.3794860839844
2021-12-08,1607.223876953125,3322.633544921875,313.9291687011719
2021-12-09,1616.4820556640625,3299.593505859375,314.6629638671875
2021-12-10,1612.6322021484375,3331.703125,312.2413635253906
2021-12-13,1599.248779296875,3306.830810546875,315.7392578125
2021-12-14,1606.1239013671875,3319.793701171875,316.47308349609375
2021-12-15,1589.6697998046875,3270.82763671875,311.3363342285156
2021-12-16,1623.952880859375,3281.134033203125,315.20111083984375
2021-12-17,1669.0982666015625,3283.653076171875,328.1653137207031
2021-12-20,1648.977783203125,3258.505859375,325.7926330566406
2021-12-21,1660.6192626953125,3305.593994140625,337.9495849609375
2021-12-22,1672.6275634765625,3326.160888671875,335.4301452636719
2021-12-23,1702.7855224609375,3355.430419921875,339.7841491699219
2021-12-24,1708.1939697265625,3362.94189453125,341.69207763671875
2021-12-27,1710.623046875,3386.028564453125,342.2546691894531
2021-12-28,1730.6519775390625,3395.601318359375,345.1166076660156
2021-12-29,1728.4061279296875,3384.745361328125,344.2604675292969
2021-12-30,1735.0977783203125,3420.52001953125,349.3482971191406
2021-12-31,1730.4229736328125,3424.734130859375,349.9598083496094
2022-01-03,1740.23095703125,3497.47265625,351.59869384765625
2022-01-04,1740.8726806640625,3558.851806640625,352.9684753417969
2022-01-05,1690.914794921875,3537.048583984375,349.0547790527344
2022-01-06,1666.302490234375,3488.036865234375,345.26336669921875
2022-01-07,1663.0941162109375,3530.223876953125,348.0763244628906
2022-01-10,1696.50634765625,3554.363525390625,339.2704772949219
2022-01-11,1700.9522705078125,3587.388916015625,339.5885009765625
2022-01-12,1720.981201171875,3536.0869140625,338.2186584472656
2022-01-13,1738.71875,3570.89892578125,317.8673095703125
2022-01-14,1768.5557861328125,3635.255615234375,312.9996643066406
2022-01-17,1777.8599853515625,3681.97705078125,316.35076904296875
2022-01-18,1760.6727294921875,3655.822265625,309.81976318359375
2022-01-19,1711.447998046875,3592.545166015625,303.87579345703125
2022-01-20,1671.710693359375,3511.6943359375,300.9649658203125
2022-01-21,1636.877685546875,3518.07275390625,295.99945068359375
2022-01-24,1592.05322265625,3461.03662109375,280.1977844238281
2022-01-25,1578.6240234375,3459.705810546875,275.28118896484375
2022-01-27,1538.7037353515625,3348.983154296875,266.4997863769531
2022-01-28,1545.6702880859375,3386.426025390625,270.1199645996094
2022-01-31,1591.503173828125,3428.824462890625,280.1243896484375
2022-02-01,1624.365478515625,3487.92529296875,282.1057434082031
2022-02-02,1638.1611328125,3538.90478515625,287.6583251953125
2022-02-03,1593.6573486328125,3509.905029296875,282.88848876953125
2022-02-04,1595.994873046875,3501.002685546875,279.7085876464844
2022-02-07,1572.070068359375,3468.057373046875,272.4926452636719
2022-02-08,1574.178466796875,3435.431884765625,274.0826110839844
2022-02-09,1592.511474609375,3451.125,278.3387756347656
2022-02-10,1622.11962890625,3460.118896484375,280.6380920410156
2022-02-11,1577.8907470703125,3390.922607421875,274.669677734375
2022-02-14,1542.0035400390625,3426.530517578125,265.0076599121094
2022-02-15,1593.38232421875,3503.664306640625,275.5991516113281
2022-02-16,1588.844970703125,3499.35107421875,275.86822509765625
2022-02-17,1581.0533447265625,3472.828857421875,276.3574523925781
2022-02-18,1564.69091796875,3481.73095703125,275.15887451171875
2022-02-21,1586.4615478515625,3413.36083984375,279.24383544921875
2022-02-22,1589.8074951171875,3291.304931640625,275.9905700683594
2022-02-23,1597.598876953125,3270.564208984375,277.4337158203125
2022-02-24,1538.2911376953125,3121.75634765625,262.7817687988281
2022-02-25,1553.3702392578125,3231.056396484375,271.63653564453125
2022-02-28,1572.6199951171875,3261.75390625,271.90557861328125
2022-03-02,1560.8868408203125,3254.3662109375,271.6120910644531
2022-03-03,1577.432373046875,3252.760498046875,278.6322937011719
2022-03-04,1579.6783447265625,3234.35986328125,281.4452819824219
2022-03-07,1594.848876953125,3198.156005859375,279.75750732421875
2022-03-08,1630.002685546875,3303.73974609375,287.3892517089844
2022-03-09,1662.2232666015625,3333.702880859375,286.4352722167969
2022-03-10,1673.7275390625,3323.01171875,287.7806091308594
2022-03-11,1670.1524658203125,3303.00537109375,286.7777404785156
2022-03-14,1733.126708984375,3343.247802734375,292.6238708496094
2022-03-15,1686.0107421875,3298.1875,287.5115661621094
2022-03-16,1731.9351806640625,3355.0859375,292.6727600097656
2022-03-17,1700.0355224609375,3370.549560546875,294.115966796875
2022-03-21,1698.6148681640625,3328.28857421875,293.5289001464844
2022-03-22,1730.1019287109375,3396.429443359375,298.44549560546875
2022-03-23,1716.3521728515625,3406.93701171875,299.0080871582031
2022-03-24,1729.4603271484375,3441.30517578125,298.69012451171875
2022-03-25,1720.1561279296875,3402.39404296875,295.1677551269531
2022-03-28,1717.72705078125,3402.623779296875,293.6267395019531
2022-03-29,1728.81884765625,3400.467041015625,294.751953125
2022-03-30,1745.272705078125,3424.511474609375,293.9202575683594
